"estimate","std.error","statistic","p.value","term","conf.low","conf.high","model_id","n_obs"
-0.0450588749875672,0.0374463160458774,-1.20329259979442,0.239705593577704,"z_pct_res_low",-0.118453654437487,0.0283359044623525,"ZA_whiteblack_pct_res_low",646
-0.037190635501307,0.0152660778883594,-2.43616178125657,0.0220019916006281,"z_pct_black_rac",-0.0671121481624914,-0.00726912284012267,"ZA_whiteblack_pct_res_low",646
0.0129212061620624,0.0396278343705336,0.326063898451901,0.746985983670475,"z_pct_lowincome_rac",-0.0647493492041835,0.0905917615283083,"ZA_whiteblack_pct_res_low",646
-0.761150580355572,0.108967384246582,-6.985122985362,2.04006010271337e-07,"z_log_worker_density_rac",-0.974726653478872,-0.547574507232271,"ZA_whiteblack_pct_res_low",646
0.190838175696485,0.139713269450974,1.36592734853614,0.183661758938943,"z_income_percapita_k",-0.0829998324274241,0.464676183820394,"ZA_whiteblack_pct_res_low",646
-0.144875406244134,0.108624980278232,-1.33372089802042,0.193862145761534,"z_income_percapita_k_sq",-0.35778036758947,0.0680295551012008,"ZA_whiteblack_pct_res_low",646
-0.0494515247725988,0.0340293807095636,-1.45320084413705,0.158132113233846,"z_pct_reslow_of_res",-0.116149110963343,0.0172460614181459,"ZA_whiteblack_pct_reslow_of_res",646
-0.0410292089821694,0.0163536584485728,-2.50887036140529,0.018678448244611,"z_pct_black_rac",-0.073082379541372,-0.00897603842296674,"ZA_whiteblack_pct_reslow_of_res",646
0.0130925924053713,0.0409306632616668,0.319872471200167,0.751621316472906,"z_pct_lowincome_rac",-0.0671315075874956,0.0933166923982381,"ZA_whiteblack_pct_reslow_of_res",646
-0.767160255060052,0.108004149460772,-7.10306278870047,1.52524833007412e-07,"z_log_worker_density_rac",-0.978848388003164,-0.555472122116939,"ZA_whiteblack_pct_reslow_of_res",646
0.186168954423881,0.137993930942834,1.3491097264343,0.188934523282031,"z_income_percapita_k",-0.0842991502240744,0.456637059071836,"ZA_whiteblack_pct_reslow_of_res",646
-0.142167228131836,0.106754411132012,-1.33172228317603,0.194509381597767,"z_income_percapita_k_sq",-0.351405873950579,0.0670714176869075,"ZA_whiteblack_pct_reslow_of_res",646
0.0493787208101333,0.0304312584072455,1.62263157669407,0.116732994465356,"z_pct_adu_res",-0.0102665456680678,0.109023987288334,"ZA_whiteblack_pct_adu_res",642
-0.0356657367007417,0.0108507844453397,-3.28692703098159,0.00290189144440797,"z_pct_black_rac",-0.0569332742136075,-0.0143981991878758,"ZA_whiteblack_pct_adu_res",642
0.0119244428519847,0.0442309409721199,0.269595052465673,0.789599954357119,"z_pct_lowincome_rac",-0.0747682014533702,0.0986170871573397,"ZA_whiteblack_pct_adu_res",642
-0.752996005319321,0.108682580972599,-6.92839642361055,2.34774775529687e-07,"z_log_worker_density_rac",-0.966013864025616,-0.539978146613027,"ZA_whiteblack_pct_adu_res",642
0.19119829427978,0.141225988356457,1.3538463883658,0.187437637302937,"z_income_percapita_k",-0.0856046428988756,0.468001231458435,"ZA_whiteblack_pct_adu_res",642
-0.141844394235033,0.106853917871835,-1.32746086489001,0.195895010805774,"z_income_percapita_k_sq",-0.35127807326383,0.0675892847937649,"ZA_whiteblack_pct_adu_res",642
0.0818275467049631,0.0477250698431661,1.71456106767081,0.0983237903897635,"z_pct_grouphome_res",-0.0117135901876425,0.175368683597569,"ZA_whiteblack_pct_grouphome_res",646
-0.0245900278942973,0.0105500155238632,-2.33080490153562,0.0277896538512374,"z_pct_black_rac",-0.0452680583210692,-0.00391199746752534,"ZA_whiteblack_pct_grouphome_res",646
0.0106382773532627,0.0394237436520837,0.269844422872317,0.789410184063603,"z_pct_lowincome_rac",-0.0666322602048214,0.0879088149113468,"ZA_whiteblack_pct_grouphome_res",646
-0.725798688676995,0.113348453363728,-6.40325180572121,8.77196904556886e-07,"z_log_worker_density_rac",-0.947961657269901,-0.503635720084089,"ZA_whiteblack_pct_grouphome_res",646
0.192096121239916,0.139135338573866,1.38064220929705,0.179143513015007,"z_income_percapita_k",-0.0806091423648616,0.464801384844693,"ZA_whiteblack_pct_grouphome_res",646
-0.143170362587476,0.110164430421768,-1.29960607102804,0.205141397656734,"z_income_percapita_k_sq",-0.35909264621414,0.0727519210391894,"ZA_whiteblack_pct_grouphome_res",646
-0.0226598302275762,0.0369885457199728,-0.612617495132836,0.545450748548117,"z_zoning_entropy",-0.0951573798387229,0.0498377193835706,"ZA_whiteblack_zoning_entropy",646
-0.0251005978789196,0.0110144438646866,-2.2788801856256,0.0311261641135769,"z_pct_black_rac",-0.0466889078537053,-0.00351228790413396,"ZA_whiteblack_zoning_entropy",646
0.00611450731112247,0.0429370191449594,0.142406423009462,0.887856808987068,"z_pct_lowincome_rac",-0.078042050212998,0.0902710648352429,"ZA_whiteblack_zoning_entropy",646
-0.754168882283706,0.109957016563367,-6.85876086724384,2.79107059613074e-07,"z_log_worker_density_rac",-0.969684634747905,-0.538653129819506,"ZA_whiteblack_zoning_entropy",646
0.18244183443383,0.142271234332714,1.28235222875183,0.211035072762511,"z_income_percapita_k",-0.0964097848582902,0.46129345372595,"ZA_whiteblack_zoning_entropy",646
-0.143585963119348,0.11160905416185,-1.28650819772316,0.209603728008217,"z_income_percapita_k_sq",-0.362339709276575,0.0751677830378784,"ZA_whiteblack_zoning_entropy",646
0.00314560259354107,0.0270426023536587,0.116320262096207,0.908292546913066,"z_pct_job_zone",-0.0498578980196299,0.056149103206712,"ZA_whiteblack_pct_job_zone",646
-0.0248521729628281,0.0134729786420233,-1.84459380684477,0.0765191902903952,"z_pct_black_rac",-0.0512592111011938,0.00155486517553762,"ZA_whiteblack_pct_job_zone",646
0.00764528782118658,0.0425732096248737,0.179579784764919,0.858874693801512,"z_pct_lowincome_rac",-0.0757982030435658,0.091088778685939,"ZA_whiteblack_pct_job_zone",646
-0.75561506359393,0.10921228543687,-6.91877347471782,2.40445869535625e-07,"z_log_worker_density_rac",-0.969671143050196,-0.541558984137664,"ZA_whiteblack_pct_job_zone",646
0.190437744478007,0.145287430164024,1.31076545481609,0.201397468885689,"z_income_percapita_k",-0.0943256186434795,0.475201107599493,"ZA_whiteblack_pct_job_zone",646
-0.145707640365468,0.112660661881399,-1.29333201076751,0.207269714169636,"z_income_percapita_k_sq",-0.36652253765301,0.0751072569220733,"ZA_whiteblack_pct_job_zone",646
0.0309948307471544,0.0256446386405113,1.20862809500428,0.23768335820522,"z_pct_mixed_res",-0.0192686609882478,0.0812583224825565,"ZA_whiteblack_pct_mixed_res",646
-0.0331813042722254,0.0126470324589827,-2.62364348157088,0.0143648057876305,"z_pct_black_rac",-0.0579694878918315,-0.00839312065261922,"ZA_whiteblack_pct_mixed_res",646
0.00884741220927013,0.0423206654961236,0.209056547328645,0.836033395795021,"z_pct_lowincome_rac",-0.0741010921631322,0.0917959165816725,"ZA_whiteblack_pct_mixed_res",646
-0.761285350125241,0.107456703681548,-7.08457754651901,1.59620231274091e-07,"z_log_worker_density_rac",-0.971900489341075,-0.550670210909407,"ZA_whiteblack_pct_mixed_res",646
0.184949857643099,0.141270840599676,1.30918636045493,0.201924023270801,"z_income_percapita_k",-0.0919409899322664,0.461840705218463,"ZA_whiteblack_pct_mixed_res",646
-0.144470824221576,0.111158136784065,-1.29968734994384,0.205113936562063,"z_income_percapita_k_sq",-0.362340772318342,0.0733991238751906,"ZA_whiteblack_pct_mixed_res",646
-0.0596893926863873,0.0341044565739939,-1.75019333783793,0.0918792775802813,"z_pct_industrial",-0.126534127571415,0.00715534219864079,"ZA_whiteblack_pct_industrial",646
-0.0229038206321522,0.0117968639929089,-1.94151773267198,0.0631062099986146,"z_pct_black_rac",-0.0460256740582536,0.000218032793949201,"ZA_whiteblack_pct_industrial",646
0.00351835795039218,0.041349670116721,0.0850879327564314,0.932843311923525,"z_pct_lowincome_rac",-0.077526995478381,0.0845637113791654,"ZA_whiteblack_pct_industrial",646
-0.773123744859815,0.105476415749311,-7.32982571855038,8.76168312778804e-08,"z_log_worker_density_rac",-0.979857519728465,-0.566389969991165,"ZA_whiteblack_pct_industrial",646
0.156744554427611,0.144270940966397,1.08645963891037,0.287246140296444,"z_income_percapita_k",-0.126026489866527,0.439515598721749,"ZA_whiteblack_pct_industrial",646
-0.125719654847458,0.11167276991462,-1.12578612443819,0.270540859080978,"z_income_percapita_k_sq",-0.344598283880114,0.0931589741851978,"ZA_whiteblack_pct_industrial",646
0.0124949473306077,0.0370239797927407,0.337482555915223,0.738462659354359,"z_pct_commercial",-0.060072053063164,0.0850619477243794,"ZA_whiteblack_pct_commercial",646
-0.0236204162182524,0.0111001243244636,-2.12794159126626,0.0429863216398682,"z_pct_black_rac",-0.045376659894201,-0.00186417254230376,"ZA_whiteblack_pct_commercial",646
0.00863398623269155,0.0442894684220176,0.194944453846715,0.846951794825284,"z_pct_lowincome_rac",-0.0781733718744629,0.095441344339846,"ZA_whiteblack_pct_commercial",646
-0.756429645094995,0.109588853636271,-6.90243231857875,2.50398111601914e-07,"z_log_worker_density_rac",-0.971223798222086,-0.541635491967903,"ZA_whiteblack_pct_commercial",646
0.19083386839179,0.143618730789833,1.32875334117143,0.19547394664589,"z_income_percapita_k",-0.0906588439562825,0.472326580739862,"ZA_whiteblack_pct_commercial",646
-0.145322120259301,0.110956072676515,-1.3097266039956,0.201743757807957,"z_income_percapita_k_sq",-0.362796022705271,0.072151782186669,"ZA_whiteblack_pct_commercial",646
-0.0833020614522146,0.0503158572595709,-1.65558267292304,0.10982861459324,"z_pct_res_low",-0.181921141680974,0.0153170187765444,"ZA_joint_whiteblack",642
0.0496869571139216,0.0280481421569005,1.77148835156262,0.0882019616814014,"z_pct_adu_res",-0.0052874015136033,0.104661315741447,"ZA_joint_whiteblack",642
-0.0567610013045485,0.0390430693031944,-1.45380479346444,0.15796587630111,"z_pct_job_zone",-0.133285417138809,0.0197634145297125,"ZA_joint_whiteblack",642
-0.0442223732973818,0.0101148721009652,-4.37201507403756,0.000176267595267964,"z_pct_black_rac",-0.0640475226152736,-0.02439722397949,"ZA_joint_whiteblack",642
0.0165991167488959,0.041340187610562,0.40152494965105,0.691314995941017,"z_pct_lowincome_rac",-0.0644276509678056,0.0976258844655973,"ZA_joint_whiteblack",642
-0.760010243218216,0.107395198042257,-7.07676187644043,1.62720661033133e-07,"z_log_worker_density_rac",-0.970504831381041,-0.549515655055392,"ZA_joint_whiteblack",642
0.186346021315406,0.1357710004367,1.37250238059699,0.181631946697675,"z_income_percapita_k",-0.0797651395405264,0.452457182171338,"ZA_joint_whiteblack",642
-0.134524410775618,0.10384655600165,-1.29541523527734,0.206561159895002,"z_income_percapita_k_sq",-0.338063660538852,0.069014838987615,"ZA_joint_whiteblack",642
-0.0623864439568214,0.0449734601619098,-1.38718354630092,0.177163265468957,"z_pct_res_low",-0.150534425874165,0.0257615379605219,"ZA_hisp_nonhisp_pct_res_low",646
-0.0294275317744871,0.0355995777805422,-0.826625864944144,0.415971091483365,"z_pct_black_rac",-0.0992027042243499,0.0403476406753757,"ZA_hisp_nonhisp_pct_res_low",646
0.0620748369577834,0.0466545213014917,1.33052135626132,0.19489909880253,"z_pct_lowincome_rac",-0.0293680247931404,0.153517698708707,"ZA_hisp_nonhisp_pct_res_low",646
-0.720183299754521,0.121134088991081,-5.94533962943783,2.83495685110488e-06,"z_log_worker_density_rac",-0.957606114177039,-0.482760485332003,"ZA_hisp_nonhisp_pct_res_low",646
0.135735561991162,0.190855618674268,0.71119500140481,0.483295578393975,"z_income_percapita_k",-0.238341450610403,0.509812574592727,"ZA_hisp_nonhisp_pct_res_low",646
-0.0842966879421405,0.163105389884691,-0.516823435459338,0.609648085492382,"z_income_percapita_k_sq",-0.403983252116134,0.235389876231853,"ZA_hisp_nonhisp_pct_res_low",646
-0.0742822642653028,0.0337876609789874,-2.19850271113763,0.0370120536976573,"z_pct_reslow_of_res",-0.140506079784118,-0.00805844874648746,"ZA_hisp_nonhisp_pct_reslow_of_res",646
-0.0367379061327443,0.0356816564289462,-1.02960203671882,0.312680337072862,"z_pct_black_rac",-0.106673952733479,0.0331981404679902,"ZA_hisp_nonhisp_pct_reslow_of_res",646
0.062993169251403,0.0448965488971036,1.40307375063002,0.172424737231366,"z_pct_lowincome_rac",-0.02500406658692,0.150990405089726,"ZA_hisp_nonhisp_pct_reslow_of_res",646
-0.729881780869219,0.122006562033256,-5.98231577634548,2.57686332493285e-06,"z_log_worker_density_rac",-0.9690146424544,-0.490748919284038,"ZA_hisp_nonhisp_pct_reslow_of_res",646
0.128819888617371,0.190404451853846,0.676559226232028,0.504660565159944,"z_income_percapita_k",-0.244372837016166,0.502012614250909,"ZA_hisp_nonhisp_pct_reslow_of_res",646
-0.0801783105655307,0.162351809999421,-0.493855353788889,0.625554730660721,"z_income_percapita_k_sq",-0.398387858164396,0.238031237033335,"ZA_hisp_nonhisp_pct_reslow_of_res",646
0.0129394892835657,0.0207356620183773,0.624021035455626,0.538050970558547,"z_pct_adu_res",-0.0277024082724538,0.0535813868395852,"ZA_hisp_nonhisp_pct_adu_res",642
-0.0155567753546145,0.0311295452535522,-0.499743097045058,0.621459100138019,"z_pct_black_rac",-0.0765706840515767,0.0454571333423478,"ZA_hisp_nonhisp_pct_adu_res",642
0.054004200529446,0.043113553896302,1.25260377883341,0.221499781982682,"z_pct_lowincome_rac",-0.030498365107306,0.138506766166198,"ZA_hisp_nonhisp_pct_adu_res",642
-0.712189108372025,0.119624586697514,-5.95353453695003,2.77558429647824e-06,"z_log_worker_density_rac",-0.946653298299152,-0.477724918444897,"ZA_hisp_nonhisp_pct_adu_res",642
0.131595995097681,0.198069485517259,0.664393077782869,0.512288602691868,"z_income_percapita_k",-0.256620196516147,0.519812186711509,"ZA_hisp_nonhisp_pct_adu_res",642
-0.0820256806238618,0.166676723646763,-0.492124388032119,0.626761163394345,"z_income_percapita_k_sq",-0.408712058971517,0.244660697723793,"ZA_hisp_nonhisp_pct_adu_res",642
0.158351560795004,0.0357634884087504,4.42774370847613,0.000152200960806425,"z_pct_grouphome_res",0.088255123513853,0.228447998076155,"ZA_hisp_nonhisp_pct_grouphome_res",646
-0.0122760255368873,0.0295733298358721,-0.415104609626901,0.681470899160244,"z_pct_black_rac",-0.0702397520151966,0.045687700941422,"ZA_hisp_nonhisp_pct_grouphome_res",646
0.0607522109660844,0.0487808912449868,1.24541002461344,0.224088521203503,"z_pct_lowincome_rac",-0.0348583358740898,0.156362757806259,"ZA_hisp_nonhisp_pct_grouphome_res",646
-0.654914409481869,0.0918434107162669,-7.13077186892705,1.42486466598047e-07,"z_log_worker_density_rac",-0.834927494485753,-0.474901324477986,"ZA_hisp_nonhisp_pct_grouphome_res",646
0.138629233258671,0.192166217447869,0.721402726763242,0.477099453634503,"z_income_percapita_k",-0.238016552939153,0.515275019456495,"ZA_hisp_nonhisp_pct_grouphome_res",646
-0.0807612443549492,0.165397721896204,-0.48828510712881,0.629440801624577,"z_income_percapita_k_sq",-0.404940779271509,0.243418290561611,"ZA_hisp_nonhisp_pct_grouphome_res",646
0.0161912718128587,0.0309081162681757,0.523851782890113,0.604818839637086,"z_zoning_entropy",-0.0443886360727656,0.076771179698483,"ZA_hisp_nonhisp_zoning_entropy",646
-0.0104929939240584,0.0288201529783179,-0.364085295867533,0.718738520104422,"z_pct_black_rac",-0.0669804937615615,0.0459945059134447,"ZA_hisp_nonhisp_zoning_entropy",646
0.0551388677907965,0.0452004106365462,1.21987537312802,0.233462297630657,"z_pct_lowincome_rac",-0.033453937056834,0.143731672638427,"ZA_hisp_nonhisp_zoning_entropy",646
-0.713188075584877,0.120534952867905,-5.9168569665138,3.051506908257e-06,"z_log_worker_density_rac",-0.94943658320597,-0.476939567963783,"ZA_hisp_nonhisp_zoning_entropy",646
0.139984089113228,0.194006024175365,0.721545063913554,0.477013380988022,"z_income_percapita_k",-0.240267718270487,0.520235896496943,"ZA_hisp_nonhisp_zoning_entropy",646
-0.0861171977019368,0.165743523348667,-0.519581072985735,0.607751122911053,"z_income_percapita_k_sq",-0.410974503465325,0.238740108061451,"ZA_hisp_nonhisp_zoning_entropy",646
-0.0202164130660444,0.0273491933162664,-0.739195954785997,0.46640970785354,"z_pct_job_zone",-0.0738208319659266,0.0333880058338379,"ZA_hisp_nonhisp_pct_job_zone",646
-0.00611562212578105,0.0291208092545119,-0.210008659866948,0.835297931645634,"z_pct_black_rac",-0.0631924082646244,0.0509611640130622,"ZA_hisp_nonhisp_pct_job_zone",646
0.0520721671922778,0.0454354829015332,1.14606831196507,0.262205887204433,"z_pct_lowincome_rac",-0.0369813792947273,0.141125713679283,"ZA_hisp_nonhisp_pct_job_zone",646
-0.711163200920828,0.120048334821933,-5.92397388914802,2.99587540559818e-06,"z_log_worker_density_rac",-0.946457937171816,-0.47586846466984,"ZA_hisp_nonhisp_pct_job_zone",646
0.131793149305478,0.198615770140068,0.663558332817858,0.512814302800034,"z_income_percapita_k",-0.257493760169055,0.521080058780012,"ZA_hisp_nonhisp_pct_job_zone",646
-0.0822940855196961,0.167763935929192,-0.4905350191261,0.627869838890983,"z_income_percapita_k_sq",-0.411111399940912,0.24652322890152,"ZA_hisp_nonhisp_pct_job_zone",646
-0.00308813480642179,0.0314031931730228,-0.098338241891741,0.92241794154723,"z_pct_mixed_res",-0.0646383934255465,0.058462123812703,"ZA_hisp_nonhisp_pct_mixed_res",646
-0.0103309468168059,0.0310701934867847,-0.332503459342797,0.742175140049377,"z_pct_black_rac",-0.0712285260509039,0.050566632417292,"ZA_hisp_nonhisp_pct_mixed_res",646
0.0541376692908744,0.0455018699089118,1.18978998883453,0.244880597463924,"z_pct_lowincome_rac",-0.0350459957305927,0.143321334312342,"ZA_hisp_nonhisp_pct_mixed_res",646
-0.711696506213191,0.122802208028382,-5.79546994829851,4.17912649074225e-06,"z_log_worker_density_rac",-0.952388833948821,-0.471004178477562,"ZA_hisp_nonhisp_pct_mixed_res",646
0.135084197271263,0.197950371334885,0.682414467628015,0.501012103102767,"z_income_percapita_k",-0.252898530545111,0.523066925087637,"ZA_hisp_nonhisp_pct_mixed_res",646
-0.0849727572820738,0.16722700359479,-0.508128205705177,0.615647642844029,"z_income_percapita_k_sq",-0.412737684327862,0.242792169763714,"ZA_hisp_nonhisp_pct_mixed_res",646
-0.0546757215597986,0.0387541654106057,-1.41083470590843,0.170147133754263,"z_pct_industrial",-0.130633885764586,0.0212824426449885,"ZA_hisp_nonhisp_pct_industrial",646
-0.0101859560484234,0.0296333403661273,-0.34373296842588,0.733811401148168,"z_pct_black_rac",-0.068267303166033,0.0478953910691862,"ZA_hisp_nonhisp_pct_industrial",646
0.0508279335425022,0.0426974375154777,1.19042117045261,0.244636856027466,"z_pct_lowincome_rac",-0.0328590439878341,0.134514911072838,"ZA_hisp_nonhisp_pct_industrial",646
-0.728475770888429,0.120728230710598,-6.03401347473305,2.25538015381132e-06,"z_log_worker_density_rac",-0.965103103081201,-0.491848438695657,"ZA_hisp_nonhisp_pct_industrial",646
0.104114826399463,0.204732191518652,0.50854155190332,0.615361820059464,"z_income_percapita_k",-0.297160268977095,0.505389921776022,"ZA_hisp_nonhisp_pct_industrial",646
-0.0669506490514883,0.171286977733118,-0.390868295637768,0.699079142666476,"z_income_percapita_k_sq",-0.4026731254084,0.268771827305423,"ZA_hisp_nonhisp_pct_industrial",646
0.0224118629635197,0.0175062778927899,1.2802186221864,0.211772802493026,"z_pct_commercial",-0.0119004417063484,0.0567241676333878,"ZA_hisp_nonhisp_pct_commercial",646
-0.010461116556056,0.0281564904493585,-0.371534818050959,0.713249872594501,"z_pct_black_rac",-0.0656478378367987,0.0447256047246868,"ZA_hisp_nonhisp_pct_commercial",646
0.0566847459558852,0.0451553258808235,1.25532802277833,0.22052537973214,"z_pct_lowincome_rac",-0.0318196927705288,0.145189184682299,"ZA_hisp_nonhisp_pct_commercial",646
-0.714051185200946,0.120577934444239,-5.92190593156291,3.01193349322114e-06,"z_log_worker_density_rac",-0.950383936711655,-0.477718433690237,"ZA_hisp_nonhisp_pct_commercial",646
0.13606910509257,0.19646892020806,0.692573181287266,0.494717352396874,"z_income_percapita_k",-0.249009978515227,0.521148188700367,"ZA_hisp_nonhisp_pct_commercial",646
-0.0849226986469247,0.16632099854254,-0.510595170730676,0.613942689520197,"z_income_percapita_k_sq",-0.410911855790303,0.241066458496453,"ZA_hisp_nonhisp_pct_commercial",646
-0.153004298086448,0.0775540500508761,-1.97287308639685,0.0592307668568466,"z_pct_res_low",-0.305010236186165,-0.000998359986730535,"ZA_joint_hisp_nonhisp",642
0.0161144206853137,0.020513609366487,0.785547798898802,0.439232885650099,"z_pct_adu_res",-0.0240922536730008,0.0563210950436283,"ZA_joint_hisp_nonhisp",642
-0.125512272919568,0.0586573566065102,-2.13975330940225,0.0419296495490323,"z_pct_job_zone",-0.240480691868328,-0.0105438539708082,"ZA_joint_hisp_nonhisp",642
-0.0258606982579892,0.0352124306997943,-0.734419571272034,0.469265355072803,"z_pct_black_rac",-0.0948770624295861,0.0431556659136077,"ZA_joint_hisp_nonhisp",642
0.0604869691932748,0.0457259510421783,1.32281489645739,0.197414389784046,"z_pct_lowincome_rac",-0.0291358948493947,0.150109833235944,"ZA_joint_hisp_nonhisp",642
-0.7236054093983,0.116625139671249,-6.20454055993456,1.45575566106515e-06,"z_log_worker_density_rac",-0.952190683153949,-0.495020135642651,"ZA_joint_hisp_nonhisp",642
0.119855233176364,0.186274180454374,0.643434494700255,0.525577317543969,"z_income_percapita_k",-0.245242160514208,0.484952626866936,"ZA_joint_hisp_nonhisp",642
-0.0656150655297844,0.160134492538803,-0.409749732799663,0.685345996607941,"z_income_percapita_k_sq",-0.379478670905839,0.24824853984627,"ZA_joint_hisp_nonhisp",642
-0.0835850635489505,0.0459801758864477,-1.81785001769831,0.0806285346368255,"z_pct_res_low",-0.173706208286388,0.00653608118848696,"ZA_college_lesshs_pct_res_low",646
-0.0548454879275119,0.0478579951385527,-1.14600471182986,0.262231727094284,"z_pct_black_rac",-0.148647158399075,0.0389561825440513,"ZA_college_lesshs_pct_res_low",646
0.0110961775665558,0.0487244173672051,0.227733406906253,0.821634897261737,"z_pct_lowincome_rac",-0.0844036804731662,0.106596035606278,"ZA_college_lesshs_pct_res_low",646
-0.760601774150844,0.117372442209897,-6.48024152714366,7.21672770283125e-07,"z_log_worker_density_rac",-0.990651760882242,-0.530551787419446,"ZA_college_lesshs_pct_res_low",646
-0.0585080434287032,0.183948416072804,-0.318067666348085,0.752974315378243,"z_income_percapita_k",-0.419046938931399,0.302030852073992,"ZA_college_lesshs_pct_res_low",646
-0.0256614775061406,0.118236795006771,-0.217034616886148,0.829875451685194,"z_income_percapita_k_sq",-0.257405595719412,0.206082640707131,"ZA_college_lesshs_pct_res_low",646
-0.117430240142035,0.0478471366515557,-2.45427936466115,0.0211263367569154,"z_pct_reslow_of_res",-0.211210627979085,-0.0236498523049863,"ZA_college_lesshs_pct_reslow_of_res",646
-0.0707866071680792,0.0520129153411602,-1.36094288704603,0.185212355685788,"z_pct_black_rac",-0.172731921236753,0.0311587069005948,"ZA_college_lesshs_pct_reslow_of_res",646
0.0144241797325454,0.0457720123487625,0.315130993643879,0.755177551853721,"z_pct_lowincome_rac",-0.075288964471029,0.10413732393612,"ZA_college_lesshs_pct_reslow_of_res",646
-0.777839312364296,0.118870878286685,-6.54356494690276,6.14944394302623e-07,"z_log_worker_density_rac",-1.0108262338062,-0.544852390922394,"ZA_college_lesshs_pct_reslow_of_res",646
-0.0691623712673954,0.179113902244416,-0.386136254086059,0.702537551350704,"z_income_percapita_k",-0.420225619666451,0.28190087713166,"ZA_college_lesshs_pct_reslow_of_res",646
-0.0190079045474876,0.114725101726576,-0.165682176449833,0.869688669558865,"z_income_percapita_k_sq",-0.243869103931576,0.205853294836601,"ZA_college_lesshs_pct_reslow_of_res",646
0.0252488099379538,0.0282499448247016,0.893764929263735,0.379646607493955,"z_pct_adu_res",-0.0301210819184613,0.0806187017943689,"ZA_college_lesshs_pct_adu_res",642
-0.0390967878107323,0.0427273683389757,-0.915029156501275,0.368585152899866,"z_pct_black_rac",-0.122842429755125,0.0446488541336602,"ZA_college_lesshs_pct_adu_res",642
0.000644157398612998,0.0444062200164871,0.0145060173636449,0.988537019406848,"z_pct_lowincome_rac",-0.0863920338337018,0.0876803486309277,"ZA_college_lesshs_pct_adu_res",642
-0.749654006192294,0.117116124590424,-6.40094614481112,8.82347300244722e-07,"z_log_worker_density_rac",-0.979201610389525,-0.520106401995063,"ZA_college_lesshs_pct_adu_res",642
-0.0654459217873475,0.195754819574795,-0.334325979454834,0.740815502325466,"z_income_percapita_k",-0.449125368153945,0.31823352457925,"ZA_college_lesshs_pct_adu_res",642
-0.0210776902356669,0.12355602468439,-0.170592168933142,0.865865054617133,"z_income_percapita_k_sq",-0.263247498617071,0.221092118145737,"ZA_college_lesshs_pct_adu_res",642
0.1167956994867,0.0460881535046154,2.53418049119723,0.0176349871872854,"z_pct_grouphome_res",0.0264629186176534,0.207128480355746,"ZA_college_lesshs_pct_grouphome_res",646
-0.0312422162752815,0.0414995705623466,-0.75283227879057,0.458313402707235,"z_pct_black_rac",-0.112581374577481,0.0500969420269179,"ZA_college_lesshs_pct_grouphome_res",646
0.00543355218811356,0.0508495433334648,0.106855476606368,0.915723886169128,"z_pct_lowincome_rac",-0.0942315527454774,0.105098657121705,"ZA_college_lesshs_pct_grouphome_res",646
-0.70770095798215,0.114864772366448,-6.1611662427224,1.62680480007593e-06,"z_log_worker_density_rac",-0.932835911820387,-0.482566004143913,"ZA_college_lesshs_pct_grouphome_res",646
-0.0570692780995157,0.190090854927875,-0.30022106071946,0.766395906081584,"z_income_percapita_k",-0.429647353758151,0.31550879755912,"ZA_college_lesshs_pct_grouphome_res",646
-0.0234109996838219,0.122250941801639,-0.191499544615436,0.849621909050694,"z_income_percapita_k_sq",-0.263022845615034,0.21620084624739,"ZA_college_lesshs_pct_grouphome_res",646
-0.0821631297395789,0.0343734004462345,-2.39031136497814,0.0243692823492534,"z_zoning_entropy",-0.149534994614199,-0.0147912648649593,"ZA_college_lesshs_zoning_entropy",646
-0.0342702664821666,0.0392418747132761,-0.873308595284121,0.390489615249898,"z_pct_black_rac",-0.111184340920188,0.0426438079558545,"ZA_college_lesshs_zoning_entropy",646
-0.003629633639823,0.0413812897390208,-0.0877119505630198,0.930777699995736,"z_pct_lowincome_rac",-0.0847369615283038,0.0774776942486579,"ZA_college_lesshs_zoning_entropy",646
-0.745396911816885,0.114485201828071,-6.51085817131447,6.67900169594683e-07,"z_log_worker_density_rac",-0.969787907399905,-0.521005916233865,"ZA_college_lesshs_zoning_entropy",646
-0.0874754344663337,0.202644295029393,-0.431669860005907,0.669539934461529,"z_income_percapita_k",-0.484658252723944,0.309707383791276,"ZA_college_lesshs_zoning_entropy",646
-0.0202274553688638,0.130169904623865,-0.155392718672664,0.877711858044735,"z_income_percapita_k_sq",-0.27536046843164,0.234905557693912,"ZA_college_lesshs_zoning_entropy",646
-0.0137470143628564,0.0277585535643862,-0.49523525535904,0.624593739040655,"z_pct_job_zone",-0.0681537793490533,0.0406597506233405,"ZA_college_lesshs_pct_job_zone",646
-0.0269935476243572,0.038493310826709,-0.701252946151553,0.489374653061568,"z_pct_black_rac",-0.102440436844707,0.0484533415959925,"ZA_college_lesshs_pct_job_zone",646
-0.000840798140022613,0.045699740040256,-0.0183983134101413,0.985461561941847,"z_pct_lowincome_rac",-0.0904122886189244,0.0887306923388791,"ZA_college_lesshs_pct_job_zone",646
-0.7492527322222,0.117002959995392,-6.40370749809839,8.7618259844444e-07,"z_log_worker_density_rac",-0.97857853381317,-0.519926930631231,"ZA_college_lesshs_pct_job_zone",646
-0.0619508816600055,0.197316341193118,-0.313967314036969,0.756051186372461,"z_income_percapita_k",-0.448690910398517,0.324789147078506,"ZA_college_lesshs_pct_job_zone",646
-0.0246910384591946,0.127316400269694,-0.193934468826417,0.847734432790122,"z_income_percapita_k_sq",-0.274231182987795,0.224849106069406,"ZA_college_lesshs_pct_job_zone",646
0.0514873796943572,0.0261211105415361,1.97110224745174,0.059443940152274,"z_pct_mixed_res",0.000290003032946462,0.102684756355768,"ZA_college_lesshs_pct_mixed_res",646
-0.0456388505551303,0.0443552395594133,-1.02893933182342,0.312985780487529,"z_pct_black_rac",-0.13257512009158,0.0412974189813198,"ZA_college_lesshs_pct_mixed_res",646
0.00323921669267057,0.0452948312520602,0.0715140470365089,0.943535917559351,"z_pct_lowincome_rac",-0.0855386525613674,0.0920170859467085,"ZA_college_lesshs_pct_mixed_res",646
-0.759718891271363,0.117056404950524,-6.49019497559719,7.03724722495475e-07,"z_log_worker_density_rac",-0.98914944497439,-0.530288337568335,"ZA_college_lesshs_pct_mixed_res",646
-0.0684511910071021,0.192508361692838,-0.35557515738626,0.725027438905102,"z_income_percapita_k",-0.445767579925065,0.308865197910861,"ZA_college_lesshs_pct_mixed_res",646
-0.0250724422717263,0.124668157912962,-0.201113441406833,0.84217494042176,"z_income_percapita_k_sq",-0.269422031781133,0.21927714723768,"ZA_college_lesshs_pct_mixed_res",646
-0.122973876686886,0.0363947438104629,-3.37889112030329,0.00230413827484218,"z_pct_industrial",-0.194307574555393,-0.0516401788183788,"ZA_college_lesshs_pct_industrial",646
-0.0281069833453207,0.0401168789119894,-0.700627369516538,0.489758614803153,"z_pct_black_rac",-0.10673606601282,0.0505220993221786,"ZA_college_lesshs_pct_industrial",646
-0.00712230037035494,0.0424979097677756,-0.167591780614008,0.868201192839037,"z_pct_lowincome_rac",-0.090418203515195,0.0761736027744851,"ZA_college_lesshs_pct_industrial",646
-0.786440815959795,0.114545384761616,-6.86575733798864,2.742913579598e-07,"z_log_worker_density_rac",-1.01094977009256,-0.561931861827028,"ZA_college_lesshs_pct_industrial",646
-0.12857756672763,0.207979424574688,-0.618222533265332,0.541806956590748,"z_income_percapita_k",-0.536217238894018,0.279062105438759,"ZA_college_lesshs_pct_industrial",646
0.0138916791395625,0.131431221863473,0.105695427179341,0.916635257389198,"z_income_percapita_k_sq",-0.243713515712845,0.271496873991969,"ZA_college_lesshs_pct_industrial",646
-0.00263144586303271,0.0187733582854707,-0.140169160094775,0.889606584656767,"z_pct_commercial",-0.0394272281025553,0.0341643363764898,"ZA_college_lesshs_pct_commercial",646
-0.0305697426124567,0.0406707217715052,-0.751640031967039,0.459017932457317,"z_pct_black_rac",-0.110284357284607,0.0491448720596934,"ZA_college_lesshs_pct_commercial",646
0.000387614918356454,0.046211676767491,0.00838781332923055,0.993371600908794,"z_pct_lowincome_rac",-0.0901872715459258,0.0909625013826387,"ZA_college_lesshs_pct_commercial",646
-0.74980319268525,0.117604369778241,-6.3756405829061,9.40936036687946e-07,"z_log_worker_density_rac",-0.980307757450602,-0.519298627919897,"ZA_college_lesshs_pct_commercial",646
-0.0602301803770807,0.1941678472536,-0.310196467793222,0.758884419400756,"z_income_percapita_k",-0.440799160994137,0.320338800239976,"ZA_college_lesshs_pct_commercial",646
-0.0264522176807403,0.125107315515871,-0.211436218351152,0.834195492701602,"z_income_percapita_k_sq",-0.271662556091848,0.218758120730368,"ZA_college_lesshs_pct_commercial",646
-0.184056806242442,0.0816306169179366,-2.25475211620015,0.0327970705371827,"z_pct_res_low",-0.344052815401597,-0.0240607970832857,"ZA_joint_college_lesshs",642
0.0278256439327788,0.020903067001261,1.33117517783874,0.194686849649436,"z_pct_adu_res",-0.0131443673896928,0.0687956552552505,"ZA_joint_college_lesshs",642
-0.140861373105418,0.0642464414894468,-2.19251634549372,0.0374882436251419,"z_pct_job_zone",-0.266784398424734,-0.0149383477861021,"ZA_joint_college_lesshs",642
-0.0540696160857488,0.0482672261146934,-1.12021386845947,0.272864103046917,"z_pct_black_rac",-0.148673379270548,0.0405341470990501,"ZA_joint_college_lesshs",642
0.00944437736242336,0.048216409466597,0.195874754402154,0.846231045739316,"z_pct_lowincome_rac",-0.0850597851921067,0.103948539916953,"ZA_joint_college_lesshs",642
-0.76408595609813,0.112394860620403,-6.79822860120548,3.24542411044873e-07,"z_log_worker_density_rac",-0.98437988291412,-0.543792029282139,"ZA_joint_college_lesshs",642
-0.0782224450153557,0.181145854808771,-0.431820231812271,0.669432027942852,"z_income_percapita_k",-0.433268320440547,0.276823430409836,"ZA_joint_college_lesshs",642
-0.0027489528405942,0.114884491781586,-0.0239279714604161,0.981092764725336,"z_income_percapita_k_sq",-0.227922556732503,0.222424651051315,"ZA_joint_college_lesshs",642
-0.177651188517668,0.0461622846507241,-3.84840546480366,0.000693357327571739,"z_pct_industrial",-0.268129266433088,-0.0871731106022493,"ZA_wac_industrial",641
-0.0853675824702451,0.0201008542031025,-4.24696292046479,0.000244910552429555,"z_pct_job_zone",-0.124765256708326,-0.0459699082321642,"ZA_wac_industrial",641
0.0220228805065268,0.0234724951238853,0.938241988774198,0.356754856978301,"z_pct_black_rac",-0.0239832099362884,0.068028970949342,"ZA_wac_industrial",641
-0.0594882268262409,0.0361419262305061,-1.64596171346366,0.111808344976166,"z_pct_lowincome_rac",-0.130326402238033,0.011349948585551,"ZA_wac_industrial",641
-0.773242221658994,0.141811028624024,-5.4526240248144,1.02189362536128e-05,"z_log_worker_density_rac",-1.05119183776208,-0.495292605555908,"ZA_wac_industrial",641
-0.0737248142100699,0.123350997010749,-0.597683164276696,0.555221890471839,"z_income_percapita_k",-0.315492768351139,0.168043139930999,"ZA_wac_industrial",641
0.0040179290739083,0.0958138273373515,0.0419347518574907,0.966871093954243,"z_income_percapita_k_sq",-0.183777172507301,0.191813030655117,"ZA_wac_industrial",641
0.0334464331841573,0.0549094110771706,0.609120231450873,0.547730797456481,"z_pct_res_low",-0.074176012527097,0.141068878895412,"ZA_nodens_whiteblack_pct_res_low",646
-0.0130531981669592,0.0470816023660537,-0.277246259918517,0.783783473661629,"z_pct_black_rac",-0.105333138804424,0.079226742470506,"ZA_nodens_whiteblack_pct_res_low",646
0.270933241259029,0.0660165715392405,4.10401865686081,0.000356266716531852,"z_pct_lowincome_rac",0.141540761042118,0.400325721475941,"ZA_nodens_whiteblack_pct_res_low",646
0.642100183490331,0.176241686597082,3.64329345620869,0.00117661698330671,"z_income_percapita_k",0.296666477760051,0.987533889220612,"ZA_nodens_whiteblack_pct_res_low",646
-0.372695910859619,0.125712892390473,-2.96465942174013,0.0064116004548089,"z_income_percapita_k_sq",-0.619093179944945,-0.126298641774292,"ZA_nodens_whiteblack_pct_res_low",646
0.108382309329562,0.0598102490329992,1.81210262591891,0.0815360154561757,"z_pct_reslow_of_res",-0.00884577877511653,0.22561039743424,"ZA_nodens_whiteblack_pct_reslow_of_res",646
0.0143631880461088,0.0533071132375457,0.26944224089014,0.789716250136617,"z_pct_black_rac",-0.0901187538994808,0.118845129991698,"ZA_nodens_whiteblack_pct_reslow_of_res",646
0.2547644925646,0.0630212689908574,4.04251606868722,0.000418408664471276,"z_pct_lowincome_rac",0.13124280534252,0.378286179786681,"ZA_nodens_whiteblack_pct_reslow_of_res",646
0.638200060446032,0.170385710355077,3.74561962453335,0.000904400900399556,"z_income_percapita_k",0.304244068150081,0.972156052741983,"ZA_nodens_whiteblack_pct_reslow_of_res",646
-0.372769509810577,0.12456289133159,-2.99262088271742,0.00599179547532674,"z_income_percapita_k_sq",-0.616912776820494,-0.128626242800661,"ZA_nodens_whiteblack_pct_reslow_of_res",646
0.0948887127208395,0.0597410063286472,1.5883346892223,0.124298706619287,"z_pct_adu_res",-0.0222036596833091,0.211981085124988,"ZA_nodens_whiteblack_pct_adu_res",642
-0.0327208899751875,0.0404676045451756,-0.808569974500465,0.426099684078917,"z_pct_black_rac",-0.112037394883732,0.0465956149333566,"ZA_nodens_whiteblack_pct_adu_res",642
0.286638198380012,0.0685575204810575,4.18098840752577,0.000291210855488629,"z_pct_lowincome_rac",0.152265458237139,0.421010938522885,"ZA_nodens_whiteblack_pct_adu_res",642
0.65215469696904,0.175883655776611,3.70787549354408,0.000996753231286097,"z_income_percapita_k",0.307422731646882,0.996886662291198,"ZA_nodens_whiteblack_pct_adu_res",642
-0.369407317377361,0.120967339776106,-3.05377730932235,0.0051630741786244,"z_income_percapita_k_sq",-0.60650330333853,-0.132311331416193,"ZA_nodens_whiteblack_pct_adu_res",642
0.375337428744079,0.0544540554090111,6.89273601249482,2.56500941427647e-07,"z_pct_grouphome_res",0.268607480142418,0.482067377345741,"ZA_nodens_whiteblack_pct_grouphome_res",646
-0.0254781618655374,0.041575369302363,-0.612818654243181,0.54531975417669,"z_pct_black_rac",-0.106965885698169,0.0560095619670942,"ZA_nodens_whiteblack_pct_grouphome_res",646
0.243456000665148,0.0752587818040767,3.23491816940306,0.00330356486761632,"z_pct_lowincome_rac",0.0959487883291578,0.390963213001138,"ZA_nodens_whiteblack_pct_grouphome_res",646
0.572927113768937,0.19300866105445,2.96840105847533,0.00635384438568795,"z_income_percapita_k",0.194630138102215,0.95122408943566,"ZA_nodens_whiteblack_pct_grouphome_res",646
-0.322772262763119,0.139340728105789,-2.31642440190256,0.0286794573346728,"z_income_percapita_k_sq",-0.595880089850465,-0.0496644356757724,"ZA_nodens_whiteblack_pct_grouphome_res",646
-0.0532876186965043,0.0554207298561614,-0.961510590618466,0.345153040839986,"z_zoning_entropy",-0.161912249214581,0.0553370118215722,"ZA_nodens_whiteblack_zoning_entropy",646
-0.0252609704835338,0.0406293145843769,-0.621742471955147,0.539525261211442,"z_pct_black_rac",-0.104894427068913,0.054372486101845,"ZA_nodens_whiteblack_zoning_entropy",646
0.272762059549152,0.068307727536943,3.99313619973134,0.00047594704733871,"z_pct_lowincome_rac",0.138878913576744,0.406645205521561,"ZA_nodens_whiteblack_zoning_entropy",646
0.625686206311899,0.168384430428576,3.71581983393231,0.000976578022011133,"z_income_percapita_k",0.29565272267189,0.955719689951908,"ZA_nodens_whiteblack_zoning_entropy",646
-0.368714675851547,0.123130175290571,-2.99451109349459,0.00596438221634187,"z_income_percapita_k_sq",-0.610049819421066,-0.127379532282029,"ZA_nodens_whiteblack_zoning_entropy",646
-0.028273844261193,0.0417351030244872,-0.677459553522701,0.504098598694883,"z_pct_job_zone",-0.110074646189188,0.0535269576668019,"ZA_nodens_whiteblack_pct_job_zone",646
-0.015632144380725,0.0485092570934287,-0.322250747947295,0.749839639919038,"z_pct_black_rac",-0.110710288283845,0.0794459995223952,"ZA_nodens_whiteblack_pct_job_zone",646
0.272956040301363,0.0668107155585624,4.08551290042845,0.00037393805847991,"z_pct_lowincome_rac",0.14200703780658,0.403905042796145,"ZA_nodens_whiteblack_pct_job_zone",646
0.640434566094729,0.175714624595577,3.64474253391685,0.00117225331823995,"z_income_percapita_k",0.296033901887399,0.984835230302059,"ZA_nodens_whiteblack_pct_job_zone",646
-0.369557119858637,0.124368795032875,-2.9714617703014,0.00630696765034159,"z_income_percapita_k_sq",-0.613319958123072,-0.125794281594203,"ZA_nodens_whiteblack_pct_job_zone",646
-0.0768763570620131,0.047731488343592,-1.61060045956714,0.119342257811832,"z_pct_mixed_res",-0.170430074215453,0.0166773600914274,"ZA_nodens_whiteblack_pct_mixed_res",646
-0.000184350382039932,0.0497553891884023,-0.00370513395728603,0.997072020287998,"z_pct_black_rac",-0.0977049131913084,0.0973362124272285,"ZA_nodens_whiteblack_pct_mixed_res",646
0.267611019400986,0.0657636510618137,4.06928470485084,0.000390145428536341,"z_pct_lowincome_rac",0.138714263319831,0.396507775482141,"ZA_nodens_whiteblack_pct_mixed_res",646
0.649073924085018,0.179513610450606,3.61573655866955,0.00126268456453742,"z_income_percapita_k",0.297227247601831,1.00092060056821,"ZA_nodens_whiteblack_pct_mixed_res",646
-0.371343466681201,0.124666349361993,-2.97869849066433,0.0061974387002271,"z_income_percapita_k_sq",-0.615689511430707,-0.126997421931694,"ZA_nodens_whiteblack_pct_mixed_res",646
0.102442440530382,0.0394657213326211,2.59573212071779,0.0153188674531814,"z_pct_industrial",0.0250896267184445,0.179795254342319,"ZA_nodens_whiteblack_pct_industrial",646
-0.0248225650760733,0.0422657721561221,-0.587297091944356,0.562070221075274,"z_pct_black_rac",-0.107663478502073,0.0580183483499261,"ZA_nodens_whiteblack_pct_industrial",646
0.27228783501729,0.0690387569878998,3.94398518885578,0.000540949567803529,"z_pct_lowincome_rac",0.136971871321006,0.407603798713574,"ZA_nodens_whiteblack_pct_industrial",646
0.684066198876842,0.183886306966195,3.72004968810756,0.000965999660798968,"z_income_percapita_k",0.323649037223101,1.04448336053058,"ZA_nodens_whiteblack_pct_industrial",646
-0.398096932582645,0.1270262514392,-3.13397371072697,0.00424116455450602,"z_income_percapita_k_sq",-0.647068385403476,-0.149125479761814,"ZA_nodens_whiteblack_pct_industrial",646
-0.0332465339900915,0.0563733933041397,-0.589755770257138,0.560445129354878,"z_pct_commercial",-0.143738384866205,0.0772453168860223,"ZA_nodens_whiteblack_pct_commercial",646
-0.0239568294283791,0.0402603531226941,-0.59504767271589,0.556955579390328,"z_pct_black_rac",-0.10286712154886,0.0549534626921014,"ZA_nodens_whiteblack_pct_commercial",646
0.272129555590085,0.0676340418376289,4.02355896818047,0.000439637363676582,"z_pct_lowincome_rac",0.139566833588333,0.404692277591838,"ZA_nodens_whiteblack_pct_commercial",646
0.641480660162623,0.177706101415374,3.60978410450417,0.00128206731550781,"z_income_percapita_k",0.29317670138849,0.989784618936757,"ZA_nodens_whiteblack_pct_commercial",646
-0.372815310952892,0.127148577320137,-2.93212333799229,0.00693531788937132,"z_income_percapita_k_sq",-0.622026522500361,-0.123604099405423,"ZA_nodens_whiteblack_pct_commercial",646
0.230948949707224,0.0643845382165292,3.58702502346959,0.00135888991207432,"z_d_whiteblack_rac_half",0.104755254802827,0.357142644611622,"ZB_base_whiteblack",646
-0.0344021639191404,0.0412311643717159,-0.83437284499149,0.411671855482111,"z_pct_black_rac",-0.115215246087704,0.0464109182494228,"ZB_base_whiteblack",646
0.0372407787958496,0.0744213519650019,0.500404491621743,0.620999792292083,"z_pct_lowincome_rac",-0.108625071055554,0.183106628647253,"ZB_base_whiteblack",646
-0.513618386857098,0.103577735377393,-4.95877212400609,3.74668174647693e-05,"z_log_worker_density_rac",-0.716630748196789,-0.310606025517407,"ZB_base_whiteblack",646
-0.306920796289582,0.164233225457024,-1.86881062242729,0.0729553097315051,"z_income_percapita_k",-0.628817918185348,0.0149763256061844,"ZB_base_whiteblack",646
0.122247334225759,0.137985103715846,0.885945880632915,0.383767812819876,"z_income_percapita_k_sq",-0.148203469057299,0.392698137508818,"ZB_base_whiteblack",646
0.168051080470609,0.055468390776852,3.02967290229627,0.00547572462247996,"z_d_whiteblack_rac_half",0.0593330345479788,0.276769126393239,"ZB_mod_whiteblack_pct_res_low",646
0.0903119442088286,0.0413979809166884,2.18155432243368,0.0383745452045606,"z_pct_res_low",0.00917190161211941,0.171451986805538,"ZB_mod_whiteblack_pct_res_low",646
-0.034959503555949,0.0363443367187003,-0.96189686515757,0.344962614608231,"z_pct_black_rac",-0.106194403524601,0.0362753964127035,"ZB_mod_whiteblack_pct_res_low",646
0.0569730038033524,0.066384023517975,0.85823366503125,0.398606423968764,"z_pct_lowincome_rac",-0.0731396822918786,0.187085689898584,"ZB_mod_whiteblack_pct_res_low",646
-0.473285162147403,0.0968695835711902,-4.88579742680098,4.54261607014156e-05,"z_log_worker_density_rac",-0.663149545946936,-0.28342077834787,"ZB_mod_whiteblack_pct_res_low",646
-0.296923598050981,0.143127916156076,-2.07453308917874,0.048067202425742,"z_income_percapita_k",-0.57745431371689,-0.0163928823850716,"ZB_mod_whiteblack_pct_res_low",646
0.10422837274917,0.122998249144048,0.847397206663516,0.404507074286436,"z_income_percapita_k_sq",-0.136848195573165,0.345304941071504,"ZB_mod_whiteblack_pct_res_low",646
0.187334749104874,0.119324366646729,1.5699622329402,0.128515380683838,"z_d_whiteblack_rac_half:z_pct_res_low",-0.0465410095227152,0.421210507732464,"ZB_mod_whiteblack_pct_res_low",646
-0.00689255253370516,0.0920999924376302,-0.0748377100939805,0.940916681706715,"z_d_whiteblack_rac_half",-0.18740853771146,0.17362343264405,"ZB_mod_whiteblack_pct_reslow_of_res",646
0.118633659354062,0.0305246424861974,3.88648808606705,0.00062814231846911,"z_pct_reslow_of_res",0.0588053600811153,0.178461958627009,"ZB_mod_whiteblack_pct_reslow_of_res",646
-0.0457206217532924,0.0422986933723479,-1.08089915096956,0.289666429806942,"z_pct_black_rac",-0.128626060763094,0.0371848172565094,"ZB_mod_whiteblack_pct_reslow_of_res",646
0.0551685093679418,0.0611088866780211,0.90279028741959,0.374925541947199,"z_pct_lowincome_rac",-0.0646049085209795,0.174941927256863,"ZB_mod_whiteblack_pct_reslow_of_res",646
-0.491444638733856,0.0932170512749823,-5.27204660533765,1.64136131199784e-05,"z_log_worker_density_rac",-0.674150059232822,-0.308739218234891,"ZB_mod_whiteblack_pct_reslow_of_res",646
-0.273036359884812,0.148300728830134,-1.84109924501823,0.0770456810383826,"z_income_percapita_k",-0.563705788391875,0.0176330686222499,"ZB_mod_whiteblack_pct_reslow_of_res",646
0.0880584534587708,0.123250815640494,0.714465482448613,0.481305364004717,"z_income_percapita_k_sq",-0.153513145196598,0.329630052114139,"ZB_mod_whiteblack_pct_reslow_of_res",646
0.333250446390525,0.066344842184354,5.02300458360446,3.16261934869728e-05,"z_d_whiteblack_rac_half:z_pct_reslow_of_res",0.203214555709191,0.463286337071859,"ZB_mod_whiteblack_pct_reslow_of_res",646
0.073504374081255,0.0725916750181614,1.01257305418101,0.320595072666137,"z_d_whiteblack_rac_half",-0.0687753089543414,0.215784057116851,"ZB_mod_whiteblack_pct_adu_res",642
0.13093095426422,0.0273519796287791,4.78689133441947,5.89844887345932e-05,"z_pct_adu_res",0.0773210741918133,0.184540834336627,"ZB_mod_whiteblack_pct_adu_res",642
-0.0573076345066245,0.0451262944468893,-1.26993885070869,0.2153548721907,"z_pct_black_rac",-0.145755171622527,0.0311399026092785,"ZB_mod_whiteblack_pct_adu_res",642
0.0556121853327456,0.0637589247097099,0.872225897565621,0.391069007535485,"z_pct_lowincome_rac",-0.0693553070982858,0.180579677763777,"ZB_mod_whiteblack_pct_adu_res",642
-0.454742926522229,0.0959171052056306,-4.7409992779425,6.65850784101456e-05,"z_log_worker_density_rac",-0.642740452725265,-0.266745400319194,"ZB_mod_whiteblack_pct_adu_res",642
-0.319785802326499,0.146037560661695,-2.18975036886094,0.0377101229519851,"z_income_percapita_k",-0.60601942122342,-0.0335521834295765,"ZB_mod_whiteblack_pct_adu_res",642
0.188344479789121,0.106679094455941,1.76552379591962,0.0892190730154511,"z_income_percapita_k_sq",-0.0207465453445235,0.397435504922766,"ZB_mod_whiteblack_pct_adu_res",642
0.340069219891022,0.0646063278040881,5.26371381023615,1.67771381213619e-05,"z_d_whiteblack_rac_half:z_pct_adu_res",0.21344081739501,0.466697622387035,"ZB_mod_whiteblack_pct_adu_res",642
0.15787808861665,0.0587315709724968,2.68812984230546,0.0123685555637569,"z_d_whiteblack_rac_half",0.042764209510556,0.272991967722743,"ZB_mod_whiteblack_zoning_entropy",646
-0.12269595429021,0.0169670114060105,-7.23144172855009,1.11352544975282e-07,"z_zoning_entropy",-0.15595129664599,-0.089440611934429,"ZB_mod_whiteblack_zoning_entropy",646
-0.0371238394418033,0.0351878056151818,-1.05502002164597,0.301121787079428,"z_pct_black_rac",-0.10609193844756,0.031844259563953,"ZB_mod_whiteblack_zoning_entropy",646
0.0439930115473339,0.0714822178121016,0.615439935886909,0.543614293568482,"z_pct_lowincome_rac",-0.0961121353643853,0.184098158459053,"ZB_mod_whiteblack_zoning_entropy",646
-0.400358718517235,0.088388158686725,-4.52955151986173,0.000116365783625292,"z_log_worker_density_rac",-0.573599509543216,-0.227117927491254,"ZB_mod_whiteblack_zoning_entropy",646
-0.296503280987561,0.160323173302875,-1.84941000654609,0.0757986709233052,"z_income_percapita_k",-0.610736700661197,0.0177301386860748,"ZB_mod_whiteblack_zoning_entropy",646
0.115508414885759,0.136660642158347,0.845220782380934,0.405698815946251,"z_income_percapita_k_sq",-0.152346443744601,0.383363273516118,"ZB_mod_whiteblack_zoning_entropy",646
-0.223657215011362,0.048522325712558,-4.60936716711165,9.42625000527547e-05,"z_d_whiteblack_rac_half:z_zoning_entropy",-0.318760973407976,-0.128553456614748,"ZB_mod_whiteblack_zoning_entropy",646
0.146380612914846,0.069928387539274,2.09329312552265,0.0462246235654472,"z_d_whiteblack_rac_half",0.00932097333786883,0.283440252491823,"ZB_mod_whiteblack_pct_job_zone",646
-0.178038330778407,0.026085978973573,-6.82505843306757,3.03540413588274e-07,"z_pct_job_zone",-0.22916684956661,-0.126909811990204,"ZB_mod_whiteblack_pct_job_zone",646
-0.0097931411415572,0.0346500088330471,-0.282630263927007,0.7796981609384,"z_pct_black_rac",-0.0777071584543294,0.058120876171215,"ZB_mod_whiteblack_pct_job_zone",646
0.0396054659128729,0.0588684145964636,0.672779557329069,0.507023569620547,"z_pct_lowincome_rac",-0.0757766266961958,0.154987558521942,"ZB_mod_whiteblack_pct_job_zone",646
-0.442163300668929,0.0782050269108974,-5.65389870874549,6.03951146338886e-06,"z_log_worker_density_rac",-0.595445153414288,-0.28888144792357,"ZB_mod_whiteblack_pct_job_zone",646
-0.301696253896253,0.154243972691675,-1.95596786462008,0.0612934539738976,"z_income_percapita_k",-0.604014440371935,0.000621932579429829,"ZB_mod_whiteblack_pct_job_zone",646
0.110998072449994,0.128302740347803,0.865126279837052,0.39488195955442,"z_income_percapita_k_sq",-0.1404752986317,0.362471443531688,"ZB_mod_whiteblack_pct_job_zone",646
-0.325450026745391,0.0499521946095547,-6.51522979699356,6.6056177037204e-07,"z_d_whiteblack_rac_half:z_pct_job_zone",-0.423356328180119,-0.227543725310664,"ZB_mod_whiteblack_pct_job_zone",646
0.269174441309909,0.0471184106164582,5.71272328137248,5.18173700353507e-06,"z_d_hisp_nonhisp_rac_half",0.176822356501651,0.361526526118167,"ZB_base_hisp_nonhisp",646
-0.030987405942417,0.0386725415111844,-0.801276687063745,0.430233752988447,"z_pct_black_rac",-0.106785587304338,0.0448107754195044,"ZB_base_hisp_nonhisp",646
0.0699041713308397,0.0641498639783359,1.08970100629437,0.28584196664099,"z_pct_lowincome_rac",-0.0558295620666987,0.195637904728378,"ZB_base_hisp_nonhisp",646
-0.472415284568975,0.0636077237903272,-7.42701131903756,6.92249859493696e-08,"z_log_worker_density_rac",-0.597086423198016,-0.347744145939933,"ZB_base_hisp_nonhisp",646
-0.114218717264718,0.176341576232102,-0.64771292003414,0.522849508167115,"z_income_percapita_k",-0.459848206679637,0.231410772150202,"ZB_base_hisp_nonhisp",646
-0.0349910756325231,0.15997772050008,-0.218724679431256,0.828572366281951,"z_income_percapita_k_sq",-0.348547407812679,0.278565256547633,"ZB_base_hisp_nonhisp",646
0.266761175606928,0.0370297452152383,7.20397005316558,1.1908723027275e-07,"z_d_hisp_nonhisp_rac_half",0.194182874985061,0.339339476228795,"ZB_mod_hisp_nonhisp_pct_res_low",646
0.0804694163477374,0.036269822558196,2.21863275505751,0.0354505149591378,"z_pct_res_low",0.00938056413367319,0.151558268561802,"ZB_mod_hisp_nonhisp_pct_res_low",646
-0.0230838847450341,0.0365046458769728,-0.632354709667119,0.532677150990973,"z_pct_black_rac",-0.0946329906639008,0.0484652211738326,"ZB_mod_hisp_nonhisp_pct_res_low",646
0.0668689711795702,0.060174522331356,1.11125055237415,0.27663142791441,"z_pct_lowincome_rac",-0.0510730925898876,0.184811034949028,"ZB_mod_hisp_nonhisp_pct_res_low",646
-0.431372701368445,0.065135303519489,-6.62271729860559,5.03762597100827e-07,"z_log_worker_density_rac",-0.559037896266644,-0.303707506470247,"ZB_mod_hisp_nonhisp_pct_res_low",646
-0.131835407567277,0.17065453940317,-0.772527985650691,0.446767938919152,"z_income_percapita_k",-0.46631830479749,0.202647489662936,"ZB_mod_hisp_nonhisp_pct_res_low",646
-0.0327050642606693,0.157199244527994,-0.208048482413955,0.836812246050005,"z_income_percapita_k_sq",-0.340815583535537,0.275405455014199,"ZB_mod_hisp_nonhisp_pct_res_low",646
0.101737909775532,0.133091204283893,0.764422489998047,0.451497978517333,"z_d_hisp_nonhisp_rac_half:z_pct_res_low",-0.159120850620898,0.362596670171963,"ZB_mod_hisp_nonhisp_pct_res_low",646
0.106488160440164,0.0752149359208459,1.41578476583732,0.168706949648107,"z_d_hisp_nonhisp_rac_half",-0.0409331139646941,0.253909434845022,"ZB_mod_hisp_nonhisp_pct_reslow_of_res",646
0.110613289641425,0.024288356666713,4.55416935609395,0.000109047043233624,"z_pct_reslow_of_res",0.0630081105746671,0.158218468708182,"ZB_mod_hisp_nonhisp_pct_reslow_of_res",646
-0.0335314207195589,0.0387593529451145,-0.865118175915923,0.39488632543817,"z_pct_black_rac",-0.109499752491983,0.0424369110528655,"ZB_mod_hisp_nonhisp_pct_reslow_of_res",646
0.0634428047518438,0.0598960136455832,1.05921581237856,0.299243121968678,"z_pct_lowincome_rac",-0.0539533819934992,0.180838991497187,"ZB_mod_hisp_nonhisp_pct_reslow_of_res",646
-0.422290484790774,0.0524269684758136,-8.05483317208378,1.55588963540021e-08,"z_log_worker_density_rac",-0.525047343003369,-0.319533626578179,"ZB_mod_hisp_nonhisp_pct_reslow_of_res",646
-0.132849121102084,0.17238858970244,-0.770637553978456,0.447868442512304,"z_income_percapita_k",-0.470730756918868,0.205032514714699,"ZB_mod_hisp_nonhisp_pct_reslow_of_res",646
-0.0425102043104849,0.156154185697213,-0.272232243539814,0.787593729301814,"z_income_percapita_k_sq",-0.348572408277022,0.263551999656052,"ZB_mod_hisp_nonhisp_pct_reslow_of_res",646
0.305732038500085,0.0714668364541574,4.2779567932351,0.000225756173746331,"z_d_hisp_nonhisp_rac_half:z_pct_reslow_of_res",0.165657039049936,0.445807037950233,"ZB_mod_hisp_nonhisp_pct_reslow_of_res",646
0.152881687926518,0.0532780876902243,2.86950404105006,0.00805967762108077,"z_d_hisp_nonhisp_rac_half",0.0484566360536786,0.257306739799358,"ZB_mod_hisp_nonhisp_pct_adu_res",642
0.0806360098593575,0.0240374004225142,3.35460609059169,0.00244926144229796,"z_pct_adu_res",0.0335227050312295,0.127749314687485,"ZB_mod_hisp_nonhisp_pct_adu_res",642
-0.0451295063642056,0.042482604255602,-1.06230555200143,0.297864993750355,"z_pct_black_rac",-0.128395410705186,0.0381363979767743,"ZB_mod_hisp_nonhisp_pct_adu_res",642
0.0814576970220963,0.0563407467431329,1.44580435530036,0.160179387735106,"z_pct_lowincome_rac",-0.0289701665944442,0.191885560638637,"ZB_mod_hisp_nonhisp_pct_adu_res",642
-0.433808393021569,0.0646232163290127,-6.71288768440345,4.01726768513667e-07,"z_log_worker_density_rac",-0.560469897026434,-0.307146889016705,"ZB_mod_hisp_nonhisp_pct_adu_res",642
-0.13228281898535,0.14472692606016,-0.914016642144135,0.369106995538911,"z_income_percapita_k",-0.415947594063262,0.151381956092563,"ZB_mod_hisp_nonhisp_pct_adu_res",642
0.0107504269970813,0.112658538653914,0.0954248752516359,0.92470904133731,"z_income_percapita_k_sq",-0.21006030876459,0.231561162758752,"ZB_mod_hisp_nonhisp_pct_adu_res",642
0.25360686539984,0.0528294129855275,4.80048615094995,5.69042458087023e-05,"z_d_hisp_nonhisp_rac_half:z_pct_adu_res",0.150061215948206,0.357152514851474,"ZB_mod_hisp_nonhisp_pct_adu_res",642
0.193561332776206,0.036144453064859,5.35521543039736,1.31925145058637e-05,"z_d_hisp_nonhisp_rac_half",0.122718204769082,0.26440446078333,"ZB_mod_hisp_nonhisp_zoning_entropy",646
-0.125644785907449,0.0150545681511787,-8.34595749580579,7.92479657419229e-09,"z_zoning_entropy",-0.155151739483759,-0.0961378323311385,"ZB_mod_hisp_nonhisp_zoning_entropy",646
-0.0359167578716241,0.0296937081495363,-1.20957469140428,0.237325919319222,"z_pct_black_rac",-0.0941164258447152,0.022282910101467,"ZB_mod_hisp_nonhisp_zoning_entropy",646
0.0710409107839925,0.059589724281108,1.19216713352901,0.243963561879409,"z_pct_lowincome_rac",-0.0457549488069792,0.187836770374964,"ZB_mod_hisp_nonhisp_zoning_entropy",646
-0.367953848144523,0.0587051925710092,-6.26782456593512,1.2383375779314e-06,"z_log_worker_density_rac",-0.483016025583701,-0.252891670705345,"ZB_mod_hisp_nonhisp_zoning_entropy",646
-0.13480612843191,0.175810215284497,-0.766770737489662,0.450124558945992,"z_income_percapita_k",-0.479394150389525,0.209781893525704,"ZB_mod_hisp_nonhisp_zoning_entropy",646
-0.0257851979393212,0.16060762274687,-0.160547784085943,0.873690485244721,"z_income_percapita_k_sq",-0.340576138523187,0.289005742644545,"ZB_mod_hisp_nonhisp_zoning_entropy",646
-0.223623174410817,0.0472260785419965,-4.73516288700442,6.76194083347535e-05,"z_d_hisp_nonhisp_rac_half:z_zoning_entropy",-0.316186288353131,-0.131060060468504,"ZB_mod_hisp_nonhisp_zoning_entropy",646
0.164183669751629,0.0546073113070753,3.00662431131921,0.00579152443994903,"z_d_hisp_nonhisp_rac_half",0.0571533395897611,0.271213999913496,"ZB_mod_hisp_nonhisp_pct_job_zone",646
-0.162078287958885,0.0271642112187539,-5.96661123909197,2.68343982164349e-06,"z_pct_job_zone",-0.215320141947643,-0.108836433970127,"ZB_mod_hisp_nonhisp_pct_job_zone",646
-0.0220128578454411,0.0406710348735363,-0.541241645654911,0.59294883558114,"z_pct_black_rac",-0.101728086197572,0.05770237050669,"ZB_mod_hisp_nonhisp_pct_job_zone",646
0.0555622932396906,0.0554139271251999,1.00267741562794,0.325257534224149,"z_pct_lowincome_rac",-0.0530490039257012,0.164173590405082,"ZB_mod_hisp_nonhisp_pct_job_zone",646
-0.414313084634042,0.0521080812299224,-7.95103321509615,1.98435771435739e-08,"z_log_worker_density_rac",-0.51644492384469,-0.312181245423394,"ZB_mod_hisp_nonhisp_pct_job_zone",646
-0.130799752886813,0.167579883034872,-0.780521805589244,0.44213242333806,"z_income_percapita_k",-0.459256323635162,0.197656817861537,"ZB_mod_hisp_nonhisp_pct_job_zone",646
-0.042892145549479,0.154394099094012,-0.277809487546292,0.783355805938167,"z_income_percapita_k_sq",-0.345504579773743,0.259720288674785,"ZB_mod_hisp_nonhisp_pct_job_zone",646
-0.290773538369089,0.040216523810162,-7.23020069416382,1.11690645376967e-07,"z_d_hisp_nonhisp_rac_half:z_pct_job_zone",-0.369597925037007,-0.211949151701172,"ZB_mod_hisp_nonhisp_pct_job_zone",646
0.320588990932536,0.0529990792596654,6.04895397072527,2.17027370444338e-06,"z_d_college_lesshs_rac_half",0.216710795583592,0.42446718628148,"ZB_base_college_lesshs",646
-0.170042766586376,0.0364990284111694,-4.65882994667168,8.27219118741819e-05,"z_pct_black_rac",-0.241580862272268,-0.0985046709004843,"ZB_base_college_lesshs",646
0.0668238561192567,0.0515663655054934,1.29588066686875,0.206403110193951,"z_pct_lowincome_rac",-0.0342462202715104,0.167893932510024,"ZB_base_college_lesshs",646
-0.359054020082861,0.0673854200600104,-5.32836360985959,1.41560872211114e-05,"z_log_worker_density_rac",-0.491129443400482,-0.226978596765241,"ZB_base_college_lesshs",646
-0.144407668854236,0.169103828346295,-0.853958602040131,0.400927694201566,"z_income_percapita_k",-0.475851172412973,0.187035834704501,"ZB_base_college_lesshs",646
-0.012981734698947,0.147711550466919,-0.0878857114281953,0.930640933689325,"z_income_percapita_k_sq",-0.302496373614109,0.276532904216215,"ZB_base_college_lesshs",646
0.338441858258244,0.0520953400039126,6.49658603308522,6.92440300879406e-07,"z_d_college_lesshs_rac_half",0.236334991850575,0.440548724665913,"ZB_mod_college_lesshs_pct_res_low",646
0.13022122152409,0.0300130541377772,4.33881939926205,0.0001923631812883,"z_pct_res_low",0.0713956354140466,0.189046807634133,"ZB_mod_college_lesshs_pct_res_low",646
-0.137986135696102,0.0308353956571559,-4.47492671183157,0.000134400149075897,"z_pct_black_rac",-0.198423511184128,-0.0775487602080766,"ZB_mod_college_lesshs_pct_res_low",646
0.0730025388703426,0.0441050650910922,1.65519626191611,0.109907558651011,"z_pct_lowincome_rac",-0.013443388708198,0.159448466448883,"ZB_mod_college_lesshs_pct_res_low",646
-0.289455202367527,0.0321132603021708,-9.01357257543736,1.75998317664937e-09,"z_log_worker_density_rac",-0.352397192559782,-0.226513212175273,"ZB_mod_college_lesshs_pct_res_low",646
-0.131695499804728,0.151170379596496,-0.871172647421074,0.391633171296185,"z_income_percapita_k",-0.42798944381386,0.164598444204404,"ZB_mod_college_lesshs_pct_res_low",646
-0.0244554712507094,0.139241680423991,-0.175633267109694,0.86194279796703,"z_income_percapita_k_sq",-0.297369164881731,0.248458222380312,"ZB_mod_college_lesshs_pct_res_low",646
0.124917917681165,0.130002010214229,0.960892200630698,0.34545804339641,"z_d_college_lesshs_rac_half:z_pct_res_low",-0.129886022338723,0.379721857701053,"ZB_mod_college_lesshs_pct_res_low",646
0.142289307373961,0.0587132433235313,2.42346188559019,0.0226355835180159,"z_d_college_lesshs_rac_half",0.0272113504598392,0.257367264288082,"ZB_mod_college_lesshs_pct_reslow_of_res",646
0.155584239798842,0.0197262929592825,7.8871504199997,2.30643826648965e-08,"z_pct_reslow_of_res",0.116920705598648,0.194247773999036,"ZB_mod_college_lesshs_pct_reslow_of_res",646
-0.137733478384481,0.0311627713780651,-4.4198083897451,0.000155417116287142,"z_pct_black_rac",-0.198812510285488,-0.0766544464834729,"ZB_mod_college_lesshs_pct_reslow_of_res",646
0.0822951727787312,0.0396643977841531,2.07478689646487,0.0480418442140151,"z_pct_lowincome_rac",0.00455295312179109,0.160037392435671,"ZB_mod_college_lesshs_pct_reslow_of_res",646
-0.298056254980766,0.0323257859296247,-9.22038695763357,1.11752263147746e-09,"z_log_worker_density_rac",-0.36141479540283,-0.234697714558702,"ZB_mod_college_lesshs_pct_reslow_of_res",646
-0.116315082899197,0.159717218893144,-0.728256375269191,0.472965215258809,"z_income_percapita_k",-0.42936083192976,0.196730666131366,"ZB_mod_college_lesshs_pct_reslow_of_res",646
-0.0415512881335979,0.140801968837455,-0.295104453983634,0.770257804306066,"z_income_percapita_k_sq",-0.31752314705501,0.234420570787815,"ZB_mod_college_lesshs_pct_reslow_of_res",646
0.345267488408427,0.0515501057519834,6.69770669471697,4.17303124288052e-07,"z_d_college_lesshs_rac_half:z_pct_reslow_of_res",0.24422928113454,0.446305695682315,"ZB_mod_college_lesshs_pct_reslow_of_res",646
0.116081534646551,0.0693359955786693,1.67418861844774,0.106083167069834,"z_d_college_lesshs_rac_half",-0.0198170166876406,0.251980085980743,"ZB_mod_college_lesshs_pct_adu_res",642
0.0706900740354896,0.0486080109651964,1.45428855515409,0.157832822063016,"z_pct_adu_res",-0.0245816274562954,0.165961775527275,"ZB_mod_college_lesshs_pct_adu_res",642
-0.165026882171643,0.0417225690184426,-3.95533846678273,0.000525198652483444,"z_pct_black_rac",-0.246803117447791,-0.0832506468954959,"ZB_mod_college_lesshs_pct_adu_res",642
0.0880038675399999,0.046536845299231,1.8910578698263,0.069808859199833,"z_pct_lowincome_rac",-0.00320834924649277,0.179216084326493,"ZB_mod_college_lesshs_pct_adu_res",642
-0.322212942852802,0.0446808576665553,-7.21143146484376,1.16933736145709e-07,"z_log_worker_density_rac",-0.409787423879251,-0.234638461826354,"ZB_mod_college_lesshs_pct_adu_res",642
-0.116139212137819,0.141986209716198,-0.817961211655398,0.420812703736394,"z_income_percapita_k",-0.394432183181567,0.162153758905929,"ZB_mod_college_lesshs_pct_adu_res",642
-0.0081856336400467,0.108233715737784,-0.0756292397821574,0.940293009809711,"z_income_percapita_k_sq",-0.220323716486103,0.203952449206009,"ZB_mod_college_lesshs_pct_adu_res",642
0.38054454606438,0.108094772670352,3.52047131108639,0.00161019526729433,"z_d_college_lesshs_rac_half:z_pct_adu_res",0.16867879163049,0.59241030049827,"ZB_mod_college_lesshs_pct_adu_res",642
0.127655995451468,0.081803457155597,1.56052078836541,0.130727657061003,"z_d_college_lesshs_rac_half",-0.0326787805735022,0.287990771476438,"ZB_mod_college_lesshs_zoning_entropy",646
-0.122965429973251,0.0227213323074653,-5.41189347126663,1.13699599855071e-05,"z_zoning_entropy",-0.167499241295883,-0.0784316186506191,"ZB_mod_college_lesshs_zoning_entropy",646
-0.166412301643962,0.0341828726189394,-4.86829481825819,4.75747268407539e-05,"z_pct_black_rac",-0.233410731977083,-0.0994138713108411,"ZB_mod_college_lesshs_zoning_entropy",646
0.0615916122035843,0.0468835508234282,1.31371474902891,0.200416856144882,"z_pct_lowincome_rac",-0.030300147410335,0.153483371817504,"ZB_mod_college_lesshs_zoning_entropy",646
-0.374183512846505,0.0587773908294997,-6.36611301668577,9.64005983123606e-07,"z_log_worker_density_rac",-0.489387198872324,-0.258979826820685,"ZB_mod_college_lesshs_zoning_entropy",646
-0.181343762577919,0.154697826046673,-1.17224506130556,0.251728211123765,"z_income_percapita_k",-0.484551501629399,0.12186397647356,"ZB_mod_college_lesshs_zoning_entropy",646
0.00348212460022994,0.135004414730686,0.0257926720928073,0.979619655773097,"z_income_percapita_k_sq",-0.261126528271914,0.268090777472374,"ZB_mod_college_lesshs_zoning_entropy",646
-0.13670869192021,0.0328779073273066,-4.15807157551866,0.000309242726964121,"z_d_college_lesshs_rac_half:z_zoning_entropy",-0.201149390281731,-0.0722679935586892,"ZB_mod_college_lesshs_zoning_entropy",646
0.107495562641359,0.0627372878120667,1.71342380887373,0.0985356198662912,"z_d_college_lesshs_rac_half",-0.0154695214702918,0.23046064675301,"ZB_mod_college_lesshs_pct_job_zone",646
-0.174447688543471,0.028013821370074,-6.22720071777947,1.37377124832563e-06,"z_pct_job_zone",-0.229354778428816,-0.119540598658126,"ZB_mod_college_lesshs_pct_job_zone",646
-0.136673477794011,0.0347105594251833,-3.93751872794222,0.00055012777220606,"z_pct_black_rac",-0.20470617426737,-0.0686407813206513,"ZB_mod_college_lesshs_pct_job_zone",646
0.0694850645300581,0.0425426395248016,1.63330402876271,0.114458246549604,"z_pct_lowincome_rac",-0.0138985089385531,0.152868637998669,"ZB_mod_college_lesshs_pct_job_zone",646
-0.378753113389038,0.0567048255370326,-6.67938063122482,4.36928455189529e-07,"z_log_worker_density_rac",-0.489894571441622,-0.267611655336454,"ZB_mod_college_lesshs_pct_job_zone",646
-0.153745221798152,0.150856531182663,-1.01914859497857,0.317522604903683,"z_income_percapita_k",-0.449424022916171,0.141933579319867,"ZB_mod_college_lesshs_pct_job_zone",646
-0.0114452446870932,0.132547426471081,-0.0863482980530771,0.931851098847735,"z_income_percapita_k_sq",-0.271238200570412,0.248347711196226,"ZB_mod_college_lesshs_pct_job_zone",646
-0.276687844899836,0.0548784654252822,-5.04182911740763,3.00943707477582e-05,"z_d_college_lesshs_rac_half:z_pct_job_zone",-0.384249637133389,-0.169126052666283,"ZB_mod_college_lesshs_pct_job_zone",646
0.239073288894319,0.0355691704657779,6.72136251038912,3.93290019086896e-07,"z_d_whiteblack_rac_aspatial",0.169357714781395,0.308788863007244,"ZB_aspatial_pct_res_low",646
0.0375269491571015,0.0325031114204581,1.15456482524566,0.258770588436476,"z_pct_res_low",-0.0261791492269964,0.101233047541199,"ZB_aspatial_pct_res_low",646
-0.260764732510776,0.0364809640445526,-7.1479671478066,1.36598528620965e-07,"z_pct_black_rac",-0.332267422038099,-0.189262042983453,"ZB_aspatial_pct_res_low",646
0.121010459508282,0.035774120361437,3.38262571617907,0.00228257291195349,"z_pct_lowincome_rac",0.0508931835998657,0.191127735416699,"ZB_aspatial_pct_res_low",646
-0.257644693866578,0.100334966928136,-2.56784550545687,0.0163307468094574,"z_log_worker_density_rac",-0.454301229045726,-0.0609881586874314,"ZB_aspatial_pct_res_low",646
-0.398966762964973,0.118549473600701,-3.36540307474307,0.00238368005509149,"z_income_percapita_k",-0.631323731222348,-0.166609794707599,"ZB_aspatial_pct_res_low",646
0.179601899021129,0.0887795554360385,2.02300966860016,0.0534677627544769,"z_income_percapita_k_sq",0.00559397036649406,0.353609827675765,"ZB_aspatial_pct_res_low",646
0.0956649791248553,0.0509640596661135,1.87710672484876,0.0717679004463655,"z_d_whiteblack_rac_aspatial:z_pct_res_low",-0.00422457782072722,0.195554536070438,"ZB_aspatial_pct_res_low",646
0.223964373165209,0.0735470020151191,3.0451869828653,0.00446926085166635,"z_d_whiteblack_rac_half",0.0798122492155753,0.368116497114842,"ZB_pooled3_pct_res_low",713
0.0288954132933877,0.0505897022910972,0.571171839026075,0.571639660840622,"z_pct_res_low",-0.0702604031971629,0.128051229783938,"ZB_pooled3_pct_res_low",713
0.000733472868444502,0.025502277225432,0.0287610734508466,0.977223308522705,"z_pct_black_rac",-0.0492509904934022,0.0507179362302912,"ZB_pooled3_pct_res_low",713
0.0389703664381161,0.0679592384276725,0.573437362450602,0.570122430779777,"z_pct_lowincome_rac",-0.094229740880122,0.172170473756354,"ZB_pooled3_pct_res_low",713
-0.509419250458145,0.0909344636035377,-5.6020482254027,2.8339140709473e-06,"z_log_worker_density_rac",-0.687650799121079,-0.331187701795211,"ZB_pooled3_pct_res_low",713
-0.141868053998881,0.134995924148868,-1.05090620248974,0.300714058222892,"z_income_percapita_k",-0.406460065330663,0.122723957332901,"ZB_pooled3_pct_res_low",713
-0.00466622487457275,0.126877307868755,-0.0367774581046408,0.970877536005395,"z_income_percapita_k_sq",-0.253345748297333,0.244013298548187,"ZB_pooled3_pct_res_low",713
0.000749502899488842,0.114049085750855,0.00657175719168993,0.994794943228435,"z_d_whiteblack_rac_half:z_pct_res_low",-0.222786705172187,0.224285710971164,"ZB_pooled3_pct_res_low",713
0.165727476626909,0.0546926341397988,3.03016081111208,0.00521278775358828,"z_d_whiteblack_rac_half",0.0585299137129032,0.272925039540915,"ZB_cov50_pct_res_low",677
0.0901072000296542,0.0402367951026512,2.23942289140511,0.0332526950621256,"z_pct_res_low",0.0112430816284579,0.16897131843085,"ZB_cov50_pct_res_low",677
-0.0338980126395749,0.035166239561546,-0.963936237204106,0.343329747307773,"z_pct_black_rac",-0.102823842180205,0.0350278169010553,"ZB_cov50_pct_res_low",677
0.0521661785506317,0.064005451211455,0.815027119772817,0.421935478996632,"z_pct_lowincome_rac",-0.0732845058238201,0.177616862925084,"ZB_cov50_pct_res_low",677
-0.474706830473135,0.0954799427867571,-4.97179634400636,2.99568332303886e-05,"z_log_worker_density_rac",-0.661847518335179,-0.287566142611091,"ZB_cov50_pct_res_low",677
-0.30033226207702,0.140480983005607,-2.13788553903437,0.0413954620276737,"z_income_percapita_k",-0.57567498876801,-0.0249895353860308,"ZB_cov50_pct_res_low",677
0.105637741294854,0.121035867065866,0.872780472893766,0.390206230394772,"z_income_percapita_k_sq",-0.131592558154244,0.342868040743952,"ZB_cov50_pct_res_low",677
0.185858893498562,0.11843156849203,1.56933574269997,0.127802956461044,"z_d_whiteblack_rac_half:z_pct_res_low",-0.0462669807458162,0.41798476774294,"ZB_cov50_pct_res_low",677
0.168051080470609,0.055468390776852,3.02967290229627,0.00547572462247996,"z_d_whiteblack_rac_half",0.0593330345479788,0.276769126393239,"ZB_mincomm50_pct_res_low",646
0.0903119442088286,0.0413979809166884,2.18155432243368,0.0383745452045606,"z_pct_res_low",0.00917190161211941,0.171451986805538,"ZB_mincomm50_pct_res_low",646
-0.034959503555949,0.0363443367187003,-0.96189686515757,0.344962614608231,"z_pct_black_rac",-0.106194403524601,0.0362753964127035,"ZB_mincomm50_pct_res_low",646
0.0569730038033524,0.066384023517975,0.85823366503125,0.398606423968764,"z_pct_lowincome_rac",-0.0731396822918786,0.187085689898584,"ZB_mincomm50_pct_res_low",646
-0.473285162147403,0.0968695835711902,-4.88579742680098,4.54261607014156e-05,"z_log_worker_density_rac",-0.663149545946936,-0.28342077834787,"ZB_mincomm50_pct_res_low",646
-0.296923598050981,0.143127916156076,-2.07453308917874,0.048067202425742,"z_income_percapita_k",-0.57745431371689,-0.0163928823850716,"ZB_mincomm50_pct_res_low",646
0.10422837274917,0.122998249144048,0.847397206663516,0.404507074286436,"z_income_percapita_k_sq",-0.136848195573165,0.345304941071504,"ZB_mincomm50_pct_res_low",646
0.187334749104874,0.119324366646729,1.5699622329402,0.128515380683838,"z_d_whiteblack_rac_half:z_pct_res_low",-0.0465410095227152,0.421210507732464,"ZB_mincomm50_pct_res_low",646
0.425379205333193,0.063072870811121,6.74424994237285,3.71395566551246e-07,"z_d_whiteblack_rac_half",0.301756378543396,0.54900203212299,"ZB_nodens_pct_res_low",646
0.13055383332758,0.0438634518118016,2.97636934475033,0.00623249151712343,"z_pct_res_low",0.0445814677764487,0.216526198878711,"ZB_nodens_pct_res_low",646
-0.0196480731931697,0.0431344604886897,-0.455507567976226,0.652525528696225,"z_pct_black_rac",-0.104191615751001,0.0648954693646621,"ZB_nodens_pct_res_low",646
0.148077887024108,0.0843893318450481,1.75469912827372,0.0910905013995367,"z_pct_lowincome_rac",-0.0173252033921864,0.313480977440402,"ZB_nodens_pct_res_low",646
-0.187131964284927,0.20000461968368,-0.935638209661798,0.35806911894082,"z_income_percapita_k",-0.579141018864941,0.204877090295086,"ZB_nodens_pct_res_low",646
0.0602877819486861,0.151985090571667,0.396669053009895,0.694848671624321,"z_income_percapita_k_sq",-0.23760299557178,0.358178559469152,"ZB_nodens_pct_res_low",646
0.209859760998204,0.123152077925447,1.70406999649042,0.100292561335024,"z_d_whiteblack_rac_half:z_pct_res_low",-0.0315183117356716,0.45123783373208,"ZB_nodens_pct_res_low",646
0.253646645592415,0.0322677589066031,7.86068367272047,2.45512107081896e-08,"z_d_whiteblack_rac_aspatial",0.190401838135473,0.316891453049357,"ZB_aspatial_pct_reslow_of_res",646
-0.0051091199147124,0.0314252308634727,-0.16258018714036,0.872105987180485,"z_pct_reslow_of_res",-0.0667025724071189,0.0564843325776941,"ZB_aspatial_pct_reslow_of_res",646
-0.263733105018117,0.0363764407444405,-7.25010747673063,1.06391544936152e-07,"z_pct_black_rac",-0.33503092887722,-0.192435281159013,"ZB_aspatial_pct_reslow_of_res",646
0.119558360345297,0.0374222168147922,3.19484975828685,0.00364902423726269,"z_pct_lowincome_rac",0.0462108153883043,0.19290590530229,"ZB_aspatial_pct_reslow_of_res",646
-0.261211618481539,0.100497031652314,-2.59919735127346,0.0151972895727673,"z_log_worker_density_rac",-0.458185800520074,-0.0642374364430038,"ZB_aspatial_pct_reslow_of_res",646
-0.402592243529785,0.117056419017649,-3.43930086797791,0.00197835096319437,"z_income_percapita_k",-0.632022824804377,-0.173161662255194,"ZB_aspatial_pct_reslow_of_res",646
0.182025489938211,0.0871824191230696,2.0878692260335,0.0467507759862521,"z_income_percapita_k_sq",0.0111479484569949,0.352903031419428,"ZB_aspatial_pct_reslow_of_res",646
0.0824015814508679,0.0406266536337391,2.02826406018428,0.0528934383689241,"z_d_whiteblack_rac_aspatial:z_pct_reslow_of_res",0.00277334032873927,0.162029822572997,"ZB_aspatial_pct_reslow_of_res",646
-0.0143809781948671,0.0711889189819772,-0.20201147033161,0.841111635577376,"z_d_whiteblack_rac_half",-0.153911259399542,0.125149303009808,"ZB_pooled3_pct_reslow_of_res",712
0.115751227164132,0.0296823810561545,3.89966111361311,0.000431309179586846,"z_pct_reslow_of_res",0.0575737602940694,0.173928694034195,"ZB_pooled3_pct_reslow_of_res",712
-0.0193455241828856,0.0309272958443885,-0.625516187390683,0.535808745538311,"z_pct_black_rac",-0.079963024037887,0.0412719756721158,"ZB_pooled3_pct_reslow_of_res",712
0.0431366177137493,0.0544469691769367,0.792268483734475,0.433697518392965,"z_pct_lowincome_rac",-0.0635794418730465,0.149852677300545,"ZB_pooled3_pct_reslow_of_res",712
-0.459207053805389,0.0680750055537461,-6.74560435316953,9.42264810507774e-08,"z_log_worker_density_rac",-0.592634064690732,-0.325780042920047,"ZB_pooled3_pct_reslow_of_res",712
-0.127371608036683,0.132179177006078,-0.963628393834123,0.342036334032168,"z_income_percapita_k",-0.386442794968596,0.131699578895229,"ZB_pooled3_pct_reslow_of_res",712
-0.01145984866141,0.11739469930178,-0.0976181099280366,0.92280875283837,"z_income_percapita_k_sq",-0.241553459292899,0.218633761970079,"ZB_pooled3_pct_reslow_of_res",712
0.289095976292217,0.0546355899038461,5.29134904191573,7.18906546628445e-06,"z_d_whiteblack_rac_half:z_pct_reslow_of_res",0.182010220080679,0.396181732503756,"ZB_pooled3_pct_reslow_of_res",712
-0.00560796738063284,0.0905498222849074,-0.0619323952176056,0.951056652160345,"z_d_whiteblack_rac_half",-0.183085619059051,0.171869684297786,"ZB_cov50_pct_reslow_of_res",677
0.117142334223329,0.03054892475141,3.83458125536552,0.000653605283120188,"z_pct_reslow_of_res",0.057266441710565,0.177018226736092,"ZB_cov50_pct_reslow_of_res",677
-0.0447372696798932,0.0409449065827887,-1.09262111978291,0.283872230835887,"z_pct_black_rac",-0.124989286582159,0.0355147472223726,"ZB_cov50_pct_reslow_of_res",677
0.0505272173581775,0.0593362501421808,0.851540453552506,0.40169364655188,"z_pct_lowincome_rac",-0.0657718329204968,0.166826267636852,"ZB_cov50_pct_reslow_of_res",677
-0.491921301402538,0.0912607572109489,-5.39028292594005,9.55145073377022e-06,"z_log_worker_density_rac",-0.670792385535998,-0.313050217269079,"ZB_cov50_pct_reslow_of_res",677
-0.276831130767462,0.14572044996578,-1.89974111960588,0.0678119691765321,"z_income_percapita_k",-0.56244321270039,0.00878095116546596,"ZB_cov50_pct_reslow_of_res",677
0.0898427041927497,0.121111489704123,0.741818174412987,0.464374900657128,"z_income_percapita_k_sq",-0.147535815627331,0.327221224012831,"ZB_cov50_pct_reslow_of_res",677
0.331927368900326,0.0659064279784746,5.03634287400215,2.51100464516677e-05,"z_d_whiteblack_rac_half:z_pct_reslow_of_res",0.202750770062516,0.461103967738136,"ZB_cov50_pct_reslow_of_res",677
-0.00689255253370516,0.0920999924376302,-0.0748377100939805,0.940916681706715,"z_d_whiteblack_rac_half",-0.18740853771146,0.17362343264405,"ZB_mincomm50_pct_reslow_of_res",646
0.118633659354062,0.0305246424861974,3.88648808606705,0.00062814231846911,"z_pct_reslow_of_res",0.0588053600811153,0.178461958627009,"ZB_mincomm50_pct_reslow_of_res",646
-0.0457206217532924,0.0422986933723479,-1.08089915096956,0.289666429806942,"z_pct_black_rac",-0.128626060763094,0.0371848172565094,"ZB_mincomm50_pct_reslow_of_res",646
0.0551685093679418,0.0611088866780211,0.90279028741959,0.374925541947199,"z_pct_lowincome_rac",-0.0646049085209795,0.174941927256863,"ZB_mincomm50_pct_reslow_of_res",646
-0.491444638733856,0.0932170512749823,-5.27204660533765,1.64136131199784e-05,"z_log_worker_density_rac",-0.674150059232822,-0.308739218234891,"ZB_mincomm50_pct_reslow_of_res",646
-0.273036359884812,0.148300728830134,-1.84109924501823,0.0770456810383826,"z_income_percapita_k",-0.563705788391875,0.0176330686222499,"ZB_mincomm50_pct_reslow_of_res",646
0.0880584534587708,0.123250815640494,0.714465482448613,0.481305364004717,"z_income_percapita_k_sq",-0.153513145196598,0.329630052114139,"ZB_mincomm50_pct_reslow_of_res",646
0.333250446390525,0.066344842184354,5.02300458360446,3.16261934869728e-05,"z_d_whiteblack_rac_half:z_pct_reslow_of_res",0.203214555709191,0.463286337071859,"ZB_mincomm50_pct_reslow_of_res",646
0.25686128813569,0.0865177859976427,2.96888420310118,0.00634642274236219,"z_d_whiteblack_rac_half",0.0872864275803103,0.42643614869107,"ZB_nodens_pct_reslow_of_res",646
0.192823975239891,0.0346058892449706,5.57199885473005,7.47828076135813e-06,"z_pct_reslow_of_res",0.124996432319749,0.260651518160034,"ZB_nodens_pct_reslow_of_res",646
-0.0150386429444058,0.0468691807337157,-0.320864216292726,0.750878183565979,"z_pct_black_rac",-0.106902237182489,0.076824951293677,"ZB_nodens_pct_reslow_of_res",646
0.141368917932843,0.0755651584678781,1.87082143145293,0.0726659540254556,"z_pct_lowincome_rac",-0.0067387926641978,0.289476628529884,"ZB_nodens_pct_reslow_of_res",646
-0.156161452265927,0.204985741614635,-0.761816168460655,0.453025272216352,"z_income_percapita_k",-0.55793350583061,0.245610601298757,"ZB_nodens_pct_reslow_of_res",646
0.0407229099119809,0.151248060288928,0.26924583253622,0.789865732107217,"z_income_percapita_k_sq",-0.255723288254318,0.33716910807828,"ZB_nodens_pct_reslow_of_res",646
0.344590521066272,0.0746695672036552,4.61487234988826,9.29024002397043e-05,"z_d_whiteblack_rac_half:z_pct_reslow_of_res",0.198238169347108,0.490942872785436,"ZB_nodens_pct_reslow_of_res",646
0.237218816995845,0.0387251843536658,6.12569884314546,1.78174554468379e-06,"z_d_whiteblack_rac_aspatial",0.16131745566266,0.31312017832903,"ZB_aspatial_pct_adu_res",642
0.182825172601425,0.0441169824511376,4.14409967417686,0.000320774032098363,"z_pct_adu_res",0.0963558869971958,0.269294458205655,"ZB_aspatial_pct_adu_res",642
-0.289278878962387,0.0317244481594908,-9.11848418948292,1.39682808786939e-09,"z_pct_black_rac",-0.351458797354989,-0.227098960569785,"ZB_aspatial_pct_adu_res",642
0.122136894226025,0.026482339863434,4.61201294356425,9.36063775692913e-05,"z_pct_lowincome_rac",0.0702315080936945,0.174042280358356,"ZB_aspatial_pct_adu_res",642
-0.250733381676788,0.0901601571543662,-2.78097764678359,0.00994668880869123,"z_log_worker_density_rac",-0.427447289699346,-0.0740194736542302,"ZB_aspatial_pct_adu_res",642
-0.427523495553764,0.100102511034059,-4.27085685601137,0.00023000837794844,"z_income_percapita_k",-0.623724417180519,-0.231322573927008,"ZB_aspatial_pct_adu_res",642
0.252752264873006,0.0786679533935803,3.21289996713746,0.00348930192261643,"z_income_percapita_k_sq",0.0985630762215883,0.406941453524423,"ZB_aspatial_pct_adu_res",642
0.0650260541848361,0.0266673312991107,2.43841625753547,0.0218912372645734,"z_d_whiteblack_rac_aspatial:z_pct_adu_res",0.012758084838579,0.117294023531093,"ZB_aspatial_pct_adu_res",642
0.116018329972326,0.0566803802575796,2.04688693768619,0.0484613497449524,"z_d_whiteblack_rac_half",0.00492478466746986,0.227111875277182,"ZB_pooled3_pct_adu_res",708
0.103105337400403,0.0182670346898532,5.64433905945751,2.49663028650934e-06,"z_pct_adu_res",0.0673019494082912,0.138908725392516,"ZB_pooled3_pct_adu_res",708
-0.0287578530212895,0.0326718910327908,-0.880201669148168,0.384929510321752,"z_pct_black_rac",-0.0927947594455595,0.0352790534029804,"ZB_pooled3_pct_adu_res",708
0.0145078733879385,0.0540736331456558,0.2682984764286,0.790090763763316,"z_pct_lowincome_rac",-0.0914764475775469,0.120492194353424,"ZB_pooled3_pct_adu_res",708
-0.484336591374539,0.0780503467077066,-6.20543805126642,4.66621779675899e-07,"z_log_worker_density_rac",-0.637315270921644,-0.331357911827434,"ZB_pooled3_pct_adu_res",708
-0.197513772698142,0.122482566589006,-1.61258682111803,0.116079361270674,"z_income_percapita_k",-0.437579603212594,0.0425520578163098,"ZB_pooled3_pct_adu_res",708
0.0704762725628404,0.105915181819144,0.665402932349985,0.510281891268781,"z_income_percapita_k_sq",-0.137117483802682,0.278070028928363,"ZB_pooled3_pct_adu_res",708
0.169410063814044,0.0446131751821306,3.79731016952812,0.000576545041871761,"z_d_whiteblack_rac_half:z_pct_adu_res",0.0819682404570681,0.25685188717102,"ZB_pooled3_pct_adu_res",708
0.0655291957635192,0.0719996942332208,0.91013158404892,0.370521756399718,"z_d_whiteblack_rac_half",-0.0755902049335937,0.206648596460632,"ZB_cov50_pct_adu_res",673
0.12523064033512,0.0261399934592408,4.79076785273065,4.91407267228246e-05,"z_pct_adu_res",0.0739962531550081,0.176465027515232,"ZB_cov50_pct_adu_res",673
-0.0558921845383623,0.0434970536161985,-1.28496483995293,0.209332934510115,"z_pct_black_rac",-0.141146409626111,0.0293620405493867,"ZB_cov50_pct_adu_res",673
0.0509354481112904,0.0619190309980878,0.822613779483458,0.417678505772542,"z_pct_lowincome_rac",-0.0704258526449617,0.172296748867542,"ZB_cov50_pct_adu_res",673
-0.455426983424634,0.0944439572443147,-4.82219293550461,4.50960638998204e-05,"z_log_worker_density_rac",-0.640537139623491,-0.270316827225777,"ZB_cov50_pct_adu_res",673
-0.321398186866976,0.143349552733453,-2.24205922333494,0.0330619680673085,"z_income_percapita_k",-0.602363310224543,-0.0404330635094087,"ZB_cov50_pct_adu_res",673
0.187632713893072,0.104340682302642,1.7982699533135,0.0829250077724467,"z_income_percapita_k_sq",-0.0168750234201075,0.392140451206251,"ZB_cov50_pct_adu_res",673
0.341079685472982,0.0644408839745131,5.29290823521108,1.24571413237246e-05,"z_d_whiteblack_rac_half:z_pct_adu_res",0.214775552882937,0.467383818063028,"ZB_cov50_pct_adu_res",673
0.073504374081255,0.0725916750181614,1.01257305418101,0.320595072666137,"z_d_whiteblack_rac_half",-0.0687753089543414,0.215784057116851,"ZB_mincomm50_pct_adu_res",642
0.13093095426422,0.0273519796287791,4.78689133441947,5.89844887345932e-05,"z_pct_adu_res",0.0773210741918133,0.184540834336627,"ZB_mincomm50_pct_adu_res",642
-0.0573076345066245,0.0451262944468893,-1.26993885070869,0.2153548721907,"z_pct_black_rac",-0.145755171622527,0.0311399026092785,"ZB_mincomm50_pct_adu_res",642
0.0556121853327456,0.0637589247097099,0.872225897565621,0.391069007535485,"z_pct_lowincome_rac",-0.0693553070982858,0.180579677763777,"ZB_mincomm50_pct_adu_res",642
-0.454742926522229,0.0959171052056306,-4.7409992779425,6.65850784101456e-05,"z_log_worker_density_rac",-0.642740452725265,-0.266745400319194,"ZB_mincomm50_pct_adu_res",642
-0.319785802326499,0.146037560661695,-2.18975036886094,0.0377101229519851,"z_income_percapita_k",-0.60601942122342,-0.0335521834295765,"ZB_mincomm50_pct_adu_res",642
0.188344479789121,0.106679094455941,1.76552379591962,0.0892190730154511,"z_income_percapita_k_sq",-0.0207465453445235,0.397435504922766,"ZB_mincomm50_pct_adu_res",642
0.340069219891022,0.0646063278040881,5.26371381023615,1.67771381213619e-05,"z_d_whiteblack_rac_half:z_pct_adu_res",0.21344081739501,0.466697622387035,"ZB_mincomm50_pct_adu_res",642
0.282319862773589,0.0687351750460352,4.10735642390531,0.000353168484156349,"z_d_whiteblack_rac_half",0.147598919683359,0.417040805863818,"ZB_nodens_pct_adu_res",642
0.154072114055282,0.050592620899255,3.04534754904447,0.00527042285123467,"z_pct_adu_res",0.0549105770927423,0.253233651017822,"ZB_nodens_pct_adu_res",642
-0.0496255788188253,0.0531530626788152,-0.933635360180368,0.359082252097613,"z_pct_black_rac",-0.153805581669303,0.0545544240316525,"ZB_nodens_pct_adu_res",642
0.148050108849584,0.0779992367149125,1.89809689280303,0.0688381770803708,"z_pct_lowincome_rac",-0.00482839511164487,0.300928612810812,"ZB_nodens_pct_adu_res",642
-0.216780562782397,0.189200083904096,-1.14577413661339,0.262325422351637,"z_income_percapita_k",-0.587612727234425,0.154051601669632,"ZB_nodens_pct_adu_res",642
0.163735929108536,0.120385596122576,1.36009567906962,0.18547692656406,"z_income_percapita_k_sq",-0.0722198392917138,0.399691697508786,"ZB_nodens_pct_adu_res",642
0.428678016032369,0.0788894803526956,5.43390594177899,1.07325423799239e-05,"z_d_whiteblack_rac_half:z_pct_adu_res",0.274054634541086,0.583301397523652,"ZB_nodens_pct_adu_res",642
0.226401033691786,0.0335744005073709,6.74326362557336,3.72312998094685e-07,"z_d_whiteblack_rac_aspatial",0.160595208697339,0.292206858686233,"ZB_aspatial_zoning_entropy",646
-0.121331707475176,0.0303131178471191,-4.00261392071575,0.000464329157214903,"z_zoning_entropy",-0.18074541845553,-0.0619179964948226,"ZB_aspatial_zoning_entropy",646
-0.268228659209964,0.0341209379582181,-7.86111623128345,2.45261385427192e-08,"z_pct_black_rac",-0.335105697608072,-0.201351620811857,"ZB_aspatial_zoning_entropy",646
0.105308727795784,0.0308186136020955,3.41704948689267,0.00209278743808493,"z_pct_lowincome_rac",0.0449042451356768,0.165713210455891,"ZB_aspatial_zoning_entropy",646
-0.255973886823851,0.0962759300280366,-2.65875267836217,0.0132434063978876,"z_log_worker_density_rac",-0.444674709678803,-0.0672730639688992,"ZB_aspatial_zoning_entropy",646
-0.444906423461066,0.11421531165726,-3.89533081865725,0.000613884589583474,"z_income_percapita_k",-0.668768434309294,-0.221044412612837,"ZB_aspatial_zoning_entropy",646
0.209534903488398,0.0864445038966185,2.42392395170649,0.0226122401785967,"z_income_percapita_k_sq",0.0401036758510261,0.378966131125771,"ZB_aspatial_zoning_entropy",646
-0.0525005869801744,0.0299557057697131,-1.75260724563717,0.0914559835618576,"z_d_whiteblack_rac_aspatial:z_zoning_entropy",-0.111213770288812,0.00621259632846333,"ZB_aspatial_zoning_entropy",646
0.11675846843051,0.0557565128486115,2.09407766851433,0.0437815990023544,"z_d_whiteblack_rac_half",0.00747570324723133,0.226041233613788,"ZB_pooled3_zoning_entropy",713
-0.110506509277929,0.0199484421472703,-5.53960597334415,3.41704691394345e-06,"z_zoning_entropy",-0.149605455886578,-0.0714075626692789,"ZB_pooled3_zoning_entropy",713
-0.0118556974088643,0.023131265142982,-0.512539946932447,0.611587028536331,"z_pct_black_rac",-0.057192977089109,0.0334815822713803,"ZB_pooled3_zoning_entropy",713
0.0505800278393944,0.0744298766558964,0.679566191856472,0.501379945977402,"z_pct_lowincome_rac",-0.0953025304061625,0.196462586084951,"ZB_pooled3_zoning_entropy",713
-0.373501832239941,0.06944537487232,-5.37835432419581,5.53984909864941e-06,"z_log_worker_density_rac",-0.509614766989689,-0.237388897490194,"ZB_pooled3_zoning_entropy",713
-0.120597091294703,0.152084537956858,-0.79296089474206,0.433299447624164,"z_income_percapita_k",-0.418682785690143,0.177488603100738,"ZB_pooled3_zoning_entropy",713
-0.00973678397115381,0.138219446077238,-0.0704443857032451,0.944252685351236,"z_income_percapita_k_sq",-0.280646898282539,0.261173330340232,"ZB_pooled3_zoning_entropy",713
-0.257692354470499,0.0726867134263135,-3.54524702415849,0.00116605236535991,"z_d_whiteblack_rac_half:z_zoning_entropy",-0.400158312786073,-0.115226396154925,"ZB_pooled3_zoning_entropy",713
0.153065110654187,0.0579751591263906,2.6401843989853,0.0133934574473437,"z_d_whiteblack_rac_half",0.0394337987664614,0.266696422541913,"ZB_cov50_zoning_entropy",677
-0.11898277496353,0.0166382585653418,-7.15115554288694,8.79894431540148e-08,"z_zoning_entropy",-0.1515937617516,-0.0863717881754599,"ZB_cov50_zoning_entropy",677
-0.0369752382642774,0.0343780265312631,-1.07554859877289,0.291310028033628,"z_pct_black_rac",-0.104356170265553,0.0304056937369984,"ZB_cov50_zoning_entropy",677
0.0414491354237391,0.0693725346934597,0.59748624735845,0.554984516760113,"z_pct_lowincome_rac",-0.0945210325754419,0.17741930342292,"ZB_cov50_zoning_entropy",677
-0.401356568331876,0.0871296688132007,-4.60642825571108,8.12951293613733e-05,"z_log_worker_density_rac",-0.572130719205749,-0.230582417458003,"ZB_cov50_zoning_entropy",677
-0.299012286168682,0.157192680665683,-1.90220234747838,0.0674771457575945,"z_income_percapita_k",-0.60710994027342,0.00908536793605691,"ZB_cov50_zoning_entropy",677
0.116918858967823,0.134076515619238,0.87203085810985,0.390608035124709,"z_income_percapita_k_sq",-0.145871111645884,0.379708829581529,"ZB_cov50_zoning_entropy",677
-0.222767013611943,0.0480637943411164,-4.63481954901292,7.52352859660925e-05,"z_d_whiteblack_rac_half:z_zoning_entropy",-0.316972050520531,-0.128561976703355,"ZB_cov50_zoning_entropy",677
0.15787808861665,0.0587315709724968,2.68812984230546,0.0123685555637569,"z_d_whiteblack_rac_half",0.042764209510556,0.272991967722743,"ZB_mincomm50_zoning_entropy",646
-0.12269595429021,0.0169670114060105,-7.23144172855009,1.11352544975282e-07,"z_zoning_entropy",-0.15595129664599,-0.089440611934429,"ZB_mincomm50_zoning_entropy",646
-0.0371238394418033,0.0351878056151818,-1.05502002164597,0.301121787079428,"z_pct_black_rac",-0.10609193844756,0.031844259563953,"ZB_mincomm50_zoning_entropy",646
0.0439930115473339,0.0714822178121016,0.615439935886909,0.543614293568482,"z_pct_lowincome_rac",-0.0961121353643853,0.184098158459053,"ZB_mincomm50_zoning_entropy",646
-0.400358718517235,0.088388158686725,-4.52955151986173,0.000116365783625292,"z_log_worker_density_rac",-0.573599509543216,-0.227117927491254,"ZB_mincomm50_zoning_entropy",646
-0.296503280987561,0.160323173302875,-1.84941000654609,0.0757986709233052,"z_income_percapita_k",-0.610736700661197,0.0177301386860748,"ZB_mincomm50_zoning_entropy",646
0.115508414885759,0.136660642158347,0.845220782380934,0.405698815946251,"z_income_percapita_k_sq",-0.152346443744601,0.383363273516118,"ZB_mincomm50_zoning_entropy",646
-0.223657215011362,0.048522325712558,-4.60936716711165,9.42625000527547e-05,"z_d_whiteblack_rac_half:z_zoning_entropy",-0.318760973407976,-0.128553456614748,"ZB_mincomm50_zoning_entropy",646
0.343360910759562,0.043143842874162,7.95851477025462,1.94977771756792e-08,"z_d_whiteblack_rac_half",0.258798978726205,0.42792284279292,"ZB_nodens_zoning_entropy",646
-0.124162002687694,0.0255751922571847,-4.85478276914279,4.93028046735689e-05,"z_zoning_entropy",-0.174289379511776,-0.0740346258636124,"ZB_nodens_zoning_entropy",646
-0.0308847115230882,0.0395527060475256,-0.780849519776925,0.441943009559431,"z_pct_black_rac",-0.108408015376238,0.0466385923300619,"ZB_nodens_zoning_entropy",646
0.12097819640931,0.0863057155489783,1.40174026296851,0.172818494307377,"z_pct_lowincome_rac",-0.0481810060666875,0.290137398885307,"ZB_nodens_zoning_entropy",646
-0.19453923458877,0.219150768818463,-0.887695880044661,0.382842926561088,"z_income_percapita_k",-0.624074741472957,0.234996272295418,"ZB_nodens_zoning_entropy",646
0.0777684057594735,0.165190273669001,0.470780779232206,0.6417231214836,"z_income_percapita_k_sq",-0.246004530631768,0.401541342150715,"ZB_nodens_zoning_entropy",646
-0.294938831193127,0.0541533103678223,-5.44636752933167,1.03877903839407e-05,"z_d_whiteblack_rac_half:z_zoning_entropy",-0.401079319514059,-0.188798342872195,"ZB_nodens_zoning_entropy",646
0.220330125444173,0.0408668390103975,5.39141589561445,1.1997165998084e-05,"z_d_whiteblack_rac_aspatial",0.140231120983794,0.300429129904552,"ZB_aspatial_pct_job_zone",646
-0.142432129805555,0.0388749426686656,-3.66385440152327,0.00111615962958113,"z_pct_job_zone",-0.21862701743614,-0.0662372421749706,"ZB_aspatial_pct_job_zone",646
-0.237338377266568,0.0414908047828302,-5.72026449014032,5.08106546199665e-06,"z_pct_black_rac",-0.318660354640915,-0.156016399892221,"ZB_aspatial_pct_job_zone",646
0.120019440544894,0.0399171212713021,3.00671583326779,0.00579023677030442,"z_pct_lowincome_rac",0.0417818828531423,0.198256998236647,"ZB_aspatial_pct_job_zone",646
-0.258465380583885,0.0958001361356771,-2.69796464816953,0.0120879798684765,"z_log_worker_density_rac",-0.446233647409812,-0.0706971137579583,"ZB_aspatial_pct_job_zone",646
-0.400946930162646,0.124853463690087,-3.21134006468482,0.00350283520325292,"z_income_percapita_k",-0.645659718995216,-0.156234141330076,"ZB_aspatial_pct_job_zone",646
0.181632032894763,0.0936268395153242,1.93995689521309,0.0633047947300373,"z_income_percapita_k_sq",-0.0018765725552726,0.365140638344798,"ZB_aspatial_pct_job_zone",646
-0.0979299638844335,0.0453609064553884,-2.15890667839157,0.0402655735122051,"z_d_whiteblack_rac_aspatial:z_pct_job_zone",-0.186837340536995,-0.00902258723187216,"ZB_aspatial_pct_job_zone",646
0.131449047191362,0.0608926113385261,2.15870274409131,0.0380212873813682,"z_d_whiteblack_rac_half",0.0120995289678505,0.250798565414873,"ZB_pooled3_pct_job_zone",713
-0.161934506772029,0.0218521326844357,-7.41046693750711,1.35839224930499e-08,"z_pct_job_zone",-0.204764686833523,-0.119104326710535,"ZB_pooled3_pct_job_zone",713
0.010854762289324,0.0229330561537262,0.473323843824464,0.63900713349164,"z_pct_black_rac",-0.0340940277719794,0.0558035523506273,"ZB_pooled3_pct_job_zone",713
0.045285104577987,0.0636535765460399,0.711430638076288,0.481670285725555,"z_pct_lowincome_rac",-0.0794759054522512,0.170046114608225,"ZB_pooled3_pct_job_zone",713
-0.444331966647318,0.0657695833201349,-6.75588842466163,9.14181362738294e-08,"z_log_worker_density_rac",-0.573240349954783,-0.315423583339854,"ZB_pooled3_pct_job_zone",713
-0.128443428542675,0.140200773195716,-0.916139231011032,0.366046492848026,"z_income_percapita_k",-0.403236944006278,0.146350086920928,"ZB_pooled3_pct_job_zone",713
-0.0206871936657558,0.131362264137827,-0.157482012064366,0.875796522530083,"z_income_percapita_k_sq",-0.278157231375897,0.236782844044385,"ZB_pooled3_pct_job_zone",713
-0.314960128277969,0.0598383080714009,-5.26351994949705,7.81372744335023e-06,"z_d_whiteblack_rac_half:z_pct_job_zone",-0.432243212097915,-0.197677044458024,"ZB_pooled3_pct_job_zone",713
0.145724649933777,0.0689299681570466,2.11409716020418,0.0435437777986139,"z_d_whiteblack_rac_half",0.0106219123459655,0.280827387521588,"ZB_cov50_pct_job_zone",677
-0.176381031966695,0.0262979387529304,-6.70702877604964,2.79229551230838e-07,"z_pct_job_zone",-0.227924991922439,-0.124837072010952,"ZB_cov50_pct_job_zone",677
-0.00937608200246995,0.0338446127909484,-0.277033218266794,0.783789586439016,"z_pct_black_rac",-0.0757115230727289,0.056959359067789,"ZB_cov50_pct_job_zone",677
0.0361858877129073,0.0574086707409085,0.630320947095571,0.533595578657244,"z_pct_lowincome_rac",-0.0763351069392735,0.148706882365088,"ZB_cov50_pct_job_zone",677
-0.443770104349404,0.0767887070520479,-5.77910634761194,3.32134326195916e-06,"z_log_worker_density_rac",-0.594275970171418,-0.29326423852739,"ZB_cov50_pct_job_zone",677
-0.303867514998689,0.15094666268417,-2.0130787232738,0.0538108907668173,"z_income_percapita_k",-0.599722973859661,-0.00801205613771638,"ZB_cov50_pct_job_zone",677
0.111457370635771,0.125812494813312,0.885900647635657,0.383216559864716,"z_income_percapita_k_sq",-0.135135119198321,0.358049860469862,"ZB_cov50_pct_job_zone",677
-0.322047127343959,0.0494525909988539,-6.51223971968269,4.66499873918282e-07,"z_d_whiteblack_rac_half:z_pct_job_zone",-0.418974205701713,-0.225120048986205,"ZB_cov50_pct_job_zone",677
0.146380612914846,0.069928387539274,2.09329312552265,0.0462246235654472,"z_d_whiteblack_rac_half",0.00932097333786883,0.283440252491823,"ZB_mincomm50_pct_job_zone",646
-0.178038330778407,0.026085978973573,-6.82505843306757,3.03540413588274e-07,"z_pct_job_zone",-0.22916684956661,-0.126909811990204,"ZB_mincomm50_pct_job_zone",646
-0.0097931411415572,0.0346500088330471,-0.282630263927007,0.7796981609384,"z_pct_black_rac",-0.0777071584543294,0.058120876171215,"ZB_mincomm50_pct_job_zone",646
0.0396054659128729,0.0588684145964636,0.672779557329069,0.507023569620547,"z_pct_lowincome_rac",-0.0757766266961958,0.154987558521942,"ZB_mincomm50_pct_job_zone",646
-0.442163300668929,0.0782050269108974,-5.65389870874549,6.03951146338886e-06,"z_log_worker_density_rac",-0.595445153414288,-0.28888144792357,"ZB_mincomm50_pct_job_zone",646
-0.301696253896253,0.154243972691675,-1.95596786462008,0.0612934539738976,"z_income_percapita_k",-0.604014440371935,0.000621932579429829,"ZB_mincomm50_pct_job_zone",646
0.110998072449994,0.128302740347803,0.865126279837052,0.39488195955442,"z_income_percapita_k_sq",-0.1404752986317,0.362471443531688,"ZB_mincomm50_pct_job_zone",646
-0.325450026745391,0.0499521946095547,-6.51522979699356,6.6056177037204e-07,"z_d_whiteblack_rac_half:z_pct_job_zone",-0.423356328180119,-0.227543725310664,"ZB_mincomm50_pct_job_zone",646
0.377442593515713,0.0688044504228946,5.48572935610746,9.37046801095783e-06,"z_d_whiteblack_rac_half",0.24258587068684,0.512299316344587,"ZB_nodens_pct_job_zone",646
-0.197312636638376,0.0304737229222442,-6.47484513598266,7.31597425242716e-07,"z_pct_job_zone",-0.257041133565975,-0.137584139710777,"ZB_nodens_pct_job_zone",646
-0.00190757983077449,0.0408610553137776,-0.0466845463516769,0.963121391027452,"z_pct_black_rac",-0.0819952482457787,0.0781800885842297,"ZB_nodens_pct_job_zone",646
0.127060775109127,0.0697463163749023,1.82175606846598,0.0800167569648694,"z_pct_lowincome_rac",-0.00964200498568188,0.263763555203935,"ZB_nodens_pct_job_zone",646
-0.197568086137699,0.205412273209566,-0.961812471332401,0.345004213153149,"z_income_percapita_k",-0.600176141628448,0.20503996935305,"ZB_nodens_pct_job_zone",646
0.0690641095407522,0.152079260298563,0.454132334712605,0.65350204411919,"z_income_percapita_k_sq",-0.22901124064443,0.367139459725935,"ZB_nodens_pct_job_zone",646
-0.377711641468856,0.0625390620078218,-6.03961155384158,2.22310207602679e-06,"z_d_whiteblack_rac_half:z_pct_job_zone",-0.500288203004186,-0.255135079933525,"ZB_nodens_pct_job_zone",646
0.0183590710716394,0.0980495320234886,0.187242821997777,0.852923772091705,"z_d_whiteblack_rac_half",-0.173818011694398,0.210536153837677,"ZB_horserace_exclusionary",646
0.188710997566038,0.0936245990874468,2.01561341149006,0.0542855368308229,"z_pct_res_low",0.00520678335464239,0.372215211777434,"ZB_horserace_exclusionary",646
-0.0648047390586974,0.102105873048578,-0.634681797665699,0.531181720130026,"z_pct_reslow_of_res",-0.264932250233911,0.135322772116516,"ZB_horserace_exclusionary",646
-0.0522647977927132,0.0424984511626004,-1.22980476612539,0.229782804349427,"z_pct_black_rac",-0.13556176207141,0.0310321664859836,"ZB_horserace_exclusionary",646
0.0568097276762594,0.0602919166124446,0.942244514159855,0.354740856927395,"z_pct_lowincome_rac",-0.061362428884132,0.174981884236651,"ZB_horserace_exclusionary",646
-0.500802589840104,0.0923625017214989,-5.42214189206542,1.10685797488984e-05,"z_log_worker_density_rac",-0.681833093214241,-0.319772086465966,"ZB_horserace_exclusionary",646
-0.291771823584388,0.145308891697088,-2.00794197916406,0.0551453831871615,"z_income_percapita_k",-0.576577251310681,-0.0069663958580945,"ZB_horserace_exclusionary",646
0.0975679104513626,0.123026407473345,0.793064777352794,0.434917913631946,"z_income_percapita_k_sq",-0.143563848196394,0.338699669099119,"ZB_horserace_exclusionary",646
0.0586347732266273,0.117170940080609,0.50042077998426,0.62098848275184,"z_d_whiteblack_rac_half:z_pct_res_low",-0.171020269331366,0.288289815784621,"ZB_horserace_exclusionary",646
0.270356945535638,0.114607306391925,2.35898525187471,0.0261186309727801,"z_d_whiteblack_rac_half:z_pct_reslow_of_res",0.0457266250074641,0.494987266063811,"ZB_horserace_exclusionary",646
0.133319591909936,0.0357476434350885,3.72946519263631,0.00109863924293945,"z_d_whiteblack_rac_half",0.063254210777163,0.20338497304271,"ZB_horse_race_reslow_vs_transit",498
0.0632320158024328,0.0214880187493472,2.94266384165147,0.0073082765976711,"z_pct_res_low",0.0211154990537123,0.105348532551153,"ZB_horse_race_reslow_vs_transit",498
-0.1378395114036,0.0315769980921652,-4.36518731138667,0.00022657645096065,"z_log_sld_D5BR",-0.199730427664244,-0.0759485951429567,"ZB_horse_race_reslow_vs_transit",498
0.0119581779815213,0.0147987707960048,0.808052110973274,0.427339587025574,"z_pct_black_rac",-0.0170474127786481,0.0409637687416907,"ZB_horse_race_reslow_vs_transit",498
0.0328735167520798,0.0340183646592395,0.96634618040498,0.343922963065769,"z_pct_lowincome_rac",-0.0338024779800295,0.0995495114841892,"ZB_horse_race_reslow_vs_transit",498
-0.156074068670287,0.0571749452373133,-2.72976332591974,0.011942842125337,"z_log_worker_density_rac",-0.268136961335421,-0.0440111760051531,"ZB_horse_race_reslow_vs_transit",498
-0.341187018546782,0.115519114742302,-2.9535113674295,0.00712545479970722,"z_income_percapita_k",-0.567604483441694,-0.11476955365187,"ZB_horse_race_reslow_vs_transit",498
0.201425416955318,0.100665684609486,2.00093425815075,0.0573369777803387,"z_income_percapita_k_sq",0.00412067512072634,0.39873015878991,"ZB_horse_race_reslow_vs_transit",498
0.146558326688095,0.0693096601201724,2.1145440106615,0.045517358107246,"z_d_whiteblack_rac_half:z_pct_res_low",0.0107113928525571,0.282405260523633,"ZB_horse_race_reslow_vs_transit",498
-0.0323582716113681,0.0210801062520415,-1.53501463533821,0.138422999003962,"z_d_whiteblack_rac_half:z_log_sld_D5BR",-0.0736752798653694,0.00895873664263313,"ZB_horse_race_reslow_vs_transit",498
0.534556534272056,0.05092239198542,10.4974749502166,7.64121871699227e-11,"z_d_whiteblack_wac_half",0.434748645980633,0.634364422563479,"ZC_base",645
-0.149773795487663,0.0336698087714829,-4.44831143842182,0.00014416982706738,"z_pct_black_wac",-0.215766620679769,-0.0837809702955562,"ZC_base",645
-0.038912522360703,0.022219109336339,-1.75130882933557,0.0916834624825742,"z_pct_lowincome_wac",-0.0824619766599275,0.00463693193852148,"ZC_base",645
0.0366895682323727,0.0262001747509108,1.40035585950042,0.173228038510676,"z_pct_manuf_wac",-0.0146627742794124,0.0880419107441578,"ZC_base",645
-0.132643416221011,0.100449802093518,-1.32049455007906,0.198176627019577,"z_log_worker_density_wac",-0.329525028324307,0.0642381958822853,"ZC_base",645
0.532611791319147,0.0520171561398976,10.239156286951,1.2930842674842e-10,"z_d_whiteblack_wac_half",0.430658165284947,0.634565417353346,"ZC_pct_industrial",645
0.0269388767709903,0.0209953475835793,1.28308791572756,0.210781153414344,"z_pct_industrial",-0.0142120044928251,0.0680897580348057,"ZC_pct_industrial",645
-0.151239959301908,0.0344615658622954,-4.38865604384449,0.000168709863939663,"z_pct_black_wac",-0.218784628392007,-0.0836952902118088,"ZC_pct_industrial",645
-0.0358854511620646,0.0244842991095709,-1.46565155904492,0.154733301034936,"z_pct_lowincome_wac",-0.0838746774168235,0.0121037750926943,"ZC_pct_industrial",645
0.0245895655575991,0.0240193549477486,1.02373963043932,0.315389560541673,"z_pct_manuf_wac",-0.0224883701399882,0.0716675012551863,"ZC_pct_industrial",645
-0.138064937428489,0.105758184609377,-1.30547756600057,0.203164909876568,"z_log_worker_density_wac",-0.345350979262868,0.0692211044058901,"ZC_pct_industrial",645
0.53081744433576,0.054061526641646,9.81876534590584,3.09850304917393e-10,"z_d_whiteblack_wac_half",0.424856852118133,0.636778036553386,"ZC_pct_commercial",645
0.0511652871008422,0.0335633867260367,1.52443755210051,0.13947210220829,"z_pct_commercial",-0.0146189508821898,0.116949525083874,"ZC_pct_commercial",645
-0.151513618677005,0.0355453515192104,-4.26254382644435,0.000235088156760556,"z_pct_black_wac",-0.221182507654657,-0.0818447296993522,"ZC_pct_commercial",645
-0.0388909056617531,0.021762618190934,-1.78705086495312,0.085594630479772,"z_pct_lowincome_wac",-0.0815456373159836,0.00376382599247745,"ZC_pct_commercial",645
0.0378594356024514,0.0251666586075396,1.50434891627247,0.144543393705841,"z_pct_manuf_wac",-0.0114672152683263,0.0871860864732291,"ZC_pct_commercial",645
-0.152974037523998,0.117397328596222,-1.30304530224993,0.203981881309038,"z_log_worker_density_wac",-0.383072801572594,0.0771247265245972,"ZC_pct_commercial",645
0.507282507030062,0.0558799489811592,9.07807749074897,1.52659689252836e-09,"z_d_whiteblack_wac_half",0.39775780702699,0.616807207033134,"ZC_pct_job_zone",645
0.117090943131851,0.0469894043022972,2.49185842788236,0.0194116050411848,"z_pct_job_zone",0.0249917106993482,0.209190175564353,"ZC_pct_job_zone",645
-0.165034729895127,0.0365134078228019,-4.51983914226889,0.000119386081109875,"z_pct_black_wac",-0.236601009227819,-0.0934684505624355,"ZC_pct_job_zone",645
-0.0329559694797045,0.0231009883510478,-1.42660430709276,0.165592797647893,"z_pct_lowincome_wac",-0.0782339066477581,0.0123219676883491,"ZC_pct_job_zone",645
0.0197799550201244,0.0236947174499536,0.834783325097766,0.411444837871275,"z_pct_manuf_wac",-0.0266616911817848,0.0662216012220335,"ZC_pct_job_zone",645
-0.217700209043979,0.127143152865949,-1.71224485264659,0.0987556230154091,"z_log_worker_density_wac",-0.466900788661239,0.0315003705732809,"ZC_pct_job_zone",645
0.534605908638909,0.0499734286677826,10.6978032704721,5.11006235636022e-11,"z_d_whiteblack_wac_half",0.436657988450055,0.632553828827763,"ZC_zoning_entropy",645
-0.0200815943072429,0.0320956900766291,-0.625678845330874,0.536979670525932,"z_zoning_entropy",-0.082989146857436,0.0428259582429502,"ZC_zoning_entropy",645
-0.14904666482383,0.0328262605318668,-4.54047041633449,0.000113061118658793,"z_pct_black_wac",-0.213386135466289,-0.0847071941813708,"ZC_zoning_entropy",645
-0.0379514151788413,0.0221746069408303,-1.71148085195418,0.0988984134609895,"z_pct_lowincome_wac",-0.0814136447828686,0.00551081442518606,"ZC_zoning_entropy",645
0.040208888462585,0.0257029793752851,1.56436683372389,0.129822722933029,"z_pct_manuf_wac",-0.0101689511129737,0.0905867280381438,"ZC_zoning_entropy",645
-0.125386086327706,0.103019432947377,-1.21711101236359,0.234494503178782,"z_log_worker_density_wac",-0.327304174904565,0.0765320022491542,"ZC_zoning_entropy",645
-0.00077533638149738,0.0442179610303255,-0.0175344218374438,0.986144138887538,"z_pct_res_low",-0.0874425400009353,0.0858918672379406,"ZD_res_seg_pct_res_low",644
0.00367389127615842,0.0242049597809954,0.151782581313892,0.880530057623221,"z_pct_black_rac_2011",-0.0437678298945926,0.0511156124469095,"ZD_res_seg_pct_res_low",644
-0.07766264055647,0.0801982007003786,-0.968383827545191,0.341775260420494,"z_pct_lowincome_rac_2011",-0.234851113929212,0.079525832816272,"ZD_res_seg_pct_res_low",644
-0.0167156218951664,0.0751643619294546,-0.222387597873242,0.825749872223034,"z_income_percapita_k_2011",-0.164037771276897,0.130606527486565,"ZD_res_seg_pct_res_low",644
0.318731193582123,0.119269719245763,2.67235636670995,0.0128313271109864,"z_log_worker_density_rac_2011",0.0849625438604275,0.55249984330382,"ZD_res_seg_pct_res_low",644
-0.029948694008976,0.0296319714315895,-1.01068854220914,0.32147940418286,"z_pct_adu_res",-0.0880273580148915,0.0281299699969395,"ZD_res_seg_pct_adu_res",640
0.0056305851299449,0.0217098892002016,0.259355774597533,0.797403299905827,"z_pct_black_rac_2011",-0.0369207977024503,0.0481819679623401,"ZD_res_seg_pct_adu_res",640
-0.0745069993460144,0.0809389009142429,-0.920533865723686,0.365756573268072,"z_pct_lowincome_rac_2011",-0.23314724513793,0.0841332464459017,"ZD_res_seg_pct_adu_res",640
-0.0206036176000147,0.0731603358538655,-0.281622785892747,0.780462136532702,"z_income_percapita_k_2011",-0.163997875873591,0.122790640673562,"ZD_res_seg_pct_adu_res",640
0.316336302317546,0.119739516322225,2.64187055396372,0.0137720058635882,"z_log_worker_density_rac_2011",0.0816468503259838,0.551025754309108,"ZD_res_seg_pct_adu_res",640
0.0507794740002698,0.047786993847732,1.0626212262289,0.297724445490195,"z_zoning_entropy",-0.0428830339412849,0.144441981941824,"ZD_res_seg_zoning_entropy",644
0.00777512319162029,0.0257390493672602,0.302074994327885,0.764998108308209,"z_pct_black_rac_2011",-0.0426734135682097,0.0582236599514503,"ZD_res_seg_zoning_entropy",644
-0.0795636351268284,0.0814861318565894,-0.976407068467252,0.337860732553117,"z_pct_lowincome_rac_2011",-0.239276453565744,0.0801491833120869,"ZD_res_seg_zoning_entropy",644
-0.00519615636332877,0.0787420391519017,-0.0659896088454711,0.947890905272983,"z_income_percapita_k_2011",-0.159530553101056,0.149138240374399,"ZD_res_seg_zoning_entropy",644
0.31586165366164,0.118918829558871,2.65611135623624,0.0133248381742584,"z_log_worker_density_rac_2011",0.0827807477262522,0.548942559597027,"ZD_res_seg_zoning_entropy",644
0.0808945675966105,0.0447595932621222,1.80731239273945,0.0822990539129265,"z_pct_job_zone",-0.00683423519714901,0.16862337039037,"ZD_res_seg_pct_job_zone",644
-0.00629280857883376,0.0301395206700495,-0.208789271990218,0.836239881295709,"z_pct_black_rac_2011",-0.0653662690921307,0.0527806519344632,"ZD_res_seg_pct_job_zone",644
-0.0824252697825328,0.0788572000722945,-1.04524722798891,0.305529745034449,"z_pct_lowincome_rac_2011",-0.23698538192423,0.0721348423591644,"ZD_res_seg_pct_job_zone",644
-0.0119568947534255,0.0753016686380281,-0.158786584277458,0.875063982466614,"z_income_percapita_k_2011",-0.159548165283961,0.13563437577711,"ZD_res_seg_pct_job_zone",644
0.320087774225802,0.119922512406205,2.66912165033361,0.012928210478985,"z_log_worker_density_rac_2011",0.0850396499096406,0.555135898541964,"ZD_res_seg_pct_job_zone",644
-0.0856726846979335,0.0390767147819677,-2.19242290903809,0.037495719626305,"z_pct_res_low",-0.16226304567059,-0.00908232372527681,"ZD_wexp_pct_res_low",644
-0.0694628418484793,0.0580343675562944,-1.19692597289182,0.242135411137621,"z_pct_black_rac_2011",-0.183210202258816,0.0442845185618577,"ZD_wexp_pct_res_low",644
-0.146339893610917,0.0367630814838884,-3.98062098453447,0.000491728400029687,"z_pct_lowincome_rac_2011",-0.218395533319338,-0.0742842539024953,"ZD_wexp_pct_res_low",644
0.0297332528275087,0.0404320964552671,0.735387363858433,0.468685917166471,"z_income_percapita_k_2011",-0.0495136562248147,0.108980161879832,"ZD_wexp_pct_res_low",644
0.235492165821802,0.0576254312408533,4.08660136247016,0.000372875114017672,"z_log_worker_density_rac_2011",0.122546320589729,0.348438011053874,"ZD_wexp_pct_res_low",644
0.00951355481524764,0.0214747575572819,0.443011046335268,0.661421931792024,"z_pct_adu_res",-0.0325769699970248,0.0516040796275201,"ZD_wexp_pct_adu_res",640
-0.0555279344025181,0.0503129014892497,-1.10365200095611,0.279854411659345,"z_pct_black_rac_2011",-0.154141221321447,0.0430853525164114,"ZD_wexp_pct_adu_res",640
-0.142477669864192,0.0358747741150664,-3.9715279992343,0.000503516826935276,"z_pct_lowincome_rac_2011",-0.212792227129722,-0.0721631125986619,"ZD_wexp_pct_adu_res",640
0.0255953153934589,0.0416535494656904,0.614481015946587,0.544237860893695,"z_income_percapita_k_2011",-0.0560456415592944,0.107236272346212,"ZD_wexp_pct_adu_res",640
0.242896099576978,0.0588044931716515,4.13057041182141,0.000332345074071022,"z_log_worker_density_rac_2011",0.127639292960541,0.358152906193415,"ZD_wexp_pct_adu_res",640
0.0385245549428298,0.04969253942221,0.775258326315506,0.445181365432836,"z_zoning_entropy",-0.0588728223247017,0.135921932210361,"ZD_wexp_zoning_entropy",644
-0.0575882211320536,0.0514603023537909,-1.11908050473806,0.273338399889496,"z_pct_black_rac_2011",-0.158450413745484,0.0432739714813766,"ZD_wexp_zoning_entropy",644
-0.141638164409817,0.039093886980904,-3.62302588327946,0.00123933793651816,"z_pct_lowincome_rac_2011",-0.218262182892389,-0.0650141459272451,"ZD_wexp_zoning_entropy",644
0.032792795481912,0.0403583284897338,0.812540972559202,0.423859143776724,"z_income_percapita_k_2011",-0.0463095283579661,0.11189511932179,"ZD_wexp_zoning_entropy",644
0.239211816237143,0.0555165474707135,4.30883812368437,0.00020815034740228,"z_log_worker_density_rac_2011",0.130399383194545,0.348024249279742,"ZD_wexp_zoning_entropy",644
0.0698738057639756,0.0421864603992411,1.65630880388421,0.109680393787352,"z_pct_job_zone",-0.0128116566185369,0.152559268146488,"ZD_wexp_pct_job_zone",644
-0.0693169459182719,0.0547278098758506,-1.26657628133698,0.216536562416091,"z_pct_black_rac_2011",-0.176583453274939,0.0379495614383954,"ZD_wexp_pct_job_zone",644
-0.144315619753891,0.0343460084520517,-4.20181634658831,0.000275727665735843,"z_pct_lowincome_rac_2011",-0.211633796319913,-0.07699744318787,"ZD_wexp_pct_job_zone",644
0.0281692489680908,0.0398500590708871,0.706880983990064,0.485928044421924,"z_income_percapita_k_2011",-0.0499368668108479,0.10627536474703,"ZD_wexp_pct_job_zone",644
0.242554950607042,0.0561032738036721,4.32336536109887,0.000200346345278397,"z_log_worker_density_rac_2011",0.132592533951845,0.352517367262239,"ZD_wexp_pct_job_zone",644
0.40955597330219,0.0551393446222795,7.42765399385443,6.91174884231047e-08,"z_res_seg_2011",0.301482857842522,0.517629088761858,"ZD_persistence_reslow",644
0.017613906768119,0.0307799095637603,0.572253363241108,0.5720657258186,"z_pct_res_low",-0.0427147159768512,0.0779425295130892,"ZD_persistence_reslow",644
-0.0413025388781378,0.00953910238913804,-4.32981397968514,0.000196975922173095,"z_pct_black_rac_2011",-0.0599991795608483,-0.0226058981954272,"ZD_persistence_reslow",644
0.02518821434108,0.0412601212066329,0.610473590587291,0.546847880506074,"z_pct_lowincome_rac_2011",-0.0556816232239205,0.106058051906081,"ZD_persistence_reslow",644
0.0400484643604663,0.0303477300164498,1.31965271665322,0.198453733113382,"z_income_percapita_k_2011",-0.0194330864717752,0.0995300151927079,"ZD_persistence_reslow",644
-0.383293261309791,0.0942570098932459,-4.06646955747804,0.000393026743131516,"z_log_worker_density_rac_2011",-0.568037000700553,-0.198549521919029,"ZD_persistence_reslow",644
0.0370100163796381,0.053768531400974,0.688321131623239,0.497346637524226,"z_res_seg_2011:z_pct_res_low",-0.0683763051662709,0.142396337925547,"ZD_persistence_reslow",644
0.366587497755678,0.0733695397171848,4.99645355782183,3.39207237931134e-05,"z_res_seg_2011",0.222783199909996,0.51039179560136,"ZD_persistence_adu",640
0.0326069948765226,0.0332840714860194,0.979657638646125,0.336283494114581,"z_pct_adu_res",-0.0326297852360755,0.0978437749891207,"ZD_persistence_adu",640
-0.0471170091407404,0.00946825233268885,-4.97631532041773,3.57718363936966e-05,"z_pct_black_rac_2011",-0.0656747837128105,-0.0285592345686702,"ZD_persistence_adu",640
0.0197592340532128,0.0369940711122753,0.534118940120009,0.597797001855738,"z_pct_lowincome_rac_2011",-0.0527491453268469,0.0922676134332724,"ZD_persistence_adu",640
0.0492838354122597,0.033384581858833,1.47624540036646,0.151887841892413,"z_income_percapita_k_2011",-0.016149945031053,0.114717615855572,"ZD_persistence_adu",640
-0.383559287460448,0.0951658057277215,-4.0304317767019,0.00043182093259174,"z_log_worker_density_rac_2011",-0.570084266686783,-0.197034308234114,"ZD_persistence_adu",640
0.0976960513734584,0.0602863421890775,1.62053373659745,0.117184523698017,"z_res_seg_2011:z_pct_adu_res",-0.0204651793171336,0.21585728206405,"ZD_persistence_adu",640
0.00359633590745147,0.0480567595973977,0.07483517277445,0.940918681004907,"z_pct_res_low",-0.090594912903448,0.097787584718351,"ZM_zoning_mean_dist_km",648
-0.172809879589611,0.0477297535424499,-3.62059023489231,0.00124709168739192,"z_pct_job_zone",-0.266360196532813,-0.0792595626464093,"ZM_zoning_mean_dist_km",648
0.0442122175003632,0.035735737410245,1.23719896955836,0.227071250207021,"z_pct_black_rac",-0.0258298278237171,0.114254262824443,"ZM_zoning_mean_dist_km",648
-0.0980778970140003,0.040759786707829,-2.40624166453653,0.0235214966613065,"z_pct_lowincome_rac",-0.177967078961345,-0.0181887150666556,"ZM_zoning_mean_dist_km",648
-0.71446231979986,0.0861901585504292,-8.28937238097588,9.02722880943283e-09,"z_log_worker_density_rac",-0.883395030558701,-0.545529609041019,"ZM_zoning_mean_dist_km",648
-0.0229815579045099,0.118925390384513,-0.193243493506351,0.848269961592631,"z_income_percapita_k",-0.256075323058156,0.210112207249136,"ZM_zoning_mean_dist_km",648
-0.119847357012477,0.123997549782417,-0.966530042107907,0.342684071982462,"z_income_percapita_k_sq",-0.362882554586015,0.123187840561061,"ZM_zoning_mean_dist_km",648
-0.00179322564394844,0.0518472026299236,-0.0345867385893155,0.972673445053758,"z_d_whiteblack_rac_half",-0.103413742798599,0.0998272915107019,"ZM_interact_mean_dist_km",646
0.136325443725012,0.0484745637404612,2.81230883180126,0.0092356241077243,"z_pct_res_low",0.0413152987937084,0.231335588656316,"ZM_interact_mean_dist_km",646
0.0162888397038077,0.0426488900704839,0.381928806983906,0.705618047799475,"z_pct_black_rac",-0.0673029848343408,0.0998806642419562,"ZM_interact_mean_dist_km",646
-0.0722976374068974,0.0296192129434177,-2.44090339419246,0.0217696486810434,"z_pct_lowincome_rac",-0.130351294775996,-0.0142439800377988,"ZM_interact_mean_dist_km",646
-0.647507977580579,0.120945131030138,-5.35373331745969,1.32439344983912e-05,"z_log_worker_density_rac",-0.88456043439965,-0.410455520761508,"ZM_interact_mean_dist_km",646
0.00342028953393402,0.117412197505909,0.0291306151029316,0.976982876153258,"z_income_percapita_k",-0.226707617577647,0.233548196645516,"ZM_interact_mean_dist_km",646
-0.15467998641488,0.124294058808489,-1.2444680614478,0.22442918395199,"z_income_percapita_k_sq",-0.398296341679518,0.0889363688497588,"ZM_interact_mean_dist_km",646
0.150040889888369,0.0832031208251325,1.80330843843837,0.0829415388155827,"z_d_whiteblack_rac_half:z_pct_res_low",-0.013037226928891,0.313119006705628,"ZM_interact_mean_dist_km",646
0.0655877600736655,0.0421872826241612,1.55468084204368,0.132111630126739,"z_pct_res_low",-0.0170993138696904,0.148274834017021,"ZM_zoning_eff_n_dest",648
-0.183497091230304,0.0601233953022985,-3.0520081294093,0.00518542907849566,"z_pct_job_zone",-0.301338946022809,-0.0656552364377991,"ZM_zoning_eff_n_dest",648
-0.357618070050227,0.0928471265323486,-3.8516869978268,0.000687485305354991,"z_pct_black_rac",-0.53959843805363,-0.175637702046824,"ZM_zoning_eff_n_dest",648
0.0355544849798826,0.0366413272274108,0.970338349351191,0.340818832578093,"z_pct_lowincome_rac",-0.0362625163858425,0.107371486345608,"ZM_zoning_eff_n_dest",648
0.278662421001119,0.0736814659867537,3.78198801108567,0.000823369192733694,"z_log_worker_density_rac",0.134246747667082,0.423078094335156,"ZM_zoning_eff_n_dest",648
-1.11692178653372,0.248853014932326,-4.48827910257571,0.000129750053638516,"z_income_percapita_k",-1.60467369580108,-0.629169877266361,"ZM_zoning_eff_n_dest",648
0.55957115957144,0.159942602334895,3.49857480997956,0.00170236401161791,"z_income_percapita_k_sq",0.246083658995047,0.873058660147834,"ZM_zoning_eff_n_dest",648
-0.0501594667279901,0.0548256808517349,-0.914889992221645,0.368656848353583,"z_d_whiteblack_rac_half",-0.15761780119739,0.0572988677414103,"ZM_interact_eff_n_dest",646
0.207185051362576,0.0432484892998517,4.79057314409561,5.84137089555953e-05,"z_pct_res_low",0.122418012334867,0.291952090390286,"ZM_interact_eff_n_dest",646
-0.371241367123832,0.101206593735871,-3.66815395539047,0.00110390658478329,"z_pct_black_rac",-0.56960629084614,-0.172876443401525,"ZM_interact_eff_n_dest",646
0.0390399450515924,0.0352868700462819,1.10635896582463,0.278703147398932,"z_pct_lowincome_rac",-0.03012232023912,0.108202210342305,"ZM_interact_eff_n_dest",646
0.24817644168767,0.0749850593542848,3.30967853896203,0.00274138937873003,"z_log_worker_density_rac",0.101205725353272,0.395147158022069,"ZM_interact_eff_n_dest",646
-1.1581307556302,0.222124670964589,-5.21387719158322,1.91269121756703e-05,"z_income_percapita_k",-1.59349511072079,-0.722766400539605,"ZM_interact_eff_n_dest",646
0.587430201402994,0.145136495577503,4.04743272231833,0.000413070144267582,"z_income_percapita_k_sq",0.302962670071089,0.8718977327349,"ZM_interact_eff_n_dest",646
0.015923513373381,0.0194680822894918,0.817929220587691,0.420830644283474,"z_d_whiteblack_rac_half:z_pct_res_low",-0.0222339279140228,0.0540809546607849,"ZM_interact_eff_n_dest",646
-0.000184221147292032,0.0395294318642847,-0.00466035403505198,0.996317163333195,"z_pct_res_low",-0.0776619076012901,0.077293465306706,"ZM_zoning_pct_same_tract",648
0.348723522702829,0.0421100937696376,8.28123358286764,9.19826055544848e-09,"z_pct_job_zone",0.266187738914339,0.431259306491318,"ZM_zoning_pct_same_tract",648
-0.148055473913387,0.0322277628483904,-4.59403510600121,9.8156027207972e-05,"z_pct_black_rac",-0.211221889096232,-0.0848890587305419,"ZM_zoning_pct_same_tract",648
0.0923996221812054,0.0375043117350502,2.46370664882385,0.0206835108162029,"z_pct_lowincome_rac",0.018891171180507,0.165908073181904,"ZM_zoning_pct_same_tract",648
-0.449068023865938,0.0655507873073688,-6.8506884861695,2.84770498264788e-07,"z_log_worker_density_rac",-0.57754756698838,-0.320588480743495,"ZM_zoning_pct_same_tract",648
0.515240302329579,0.144210944618738,3.57282384975538,0.00140908106456731,"z_income_percapita_k",0.232586850876852,0.797893753782305,"ZM_zoning_pct_same_tract",648
-0.19827069309342,0.097279055364086,-2.03816425181508,0.0518261176255793,"z_income_percapita_k_sq",-0.388937641607029,-0.00760374457981167,"ZM_zoning_pct_same_tract",648
0.0696006602626107,0.0598706130865684,1.16251791445618,0.255585025596349,"z_d_whiteblack_rac_half",-0.0477457413870634,0.186947061912285,"ZM_interact_pct_same_tract",646
-0.252263680803257,0.0396939420307943,-6.35521865295094,9.91090900072601e-07,"z_pct_res_low",-0.330063807183614,-0.1744635544229,"ZM_interact_pct_same_tract",646
-0.130822843702003,0.0433616726280307,-3.01701562170446,0.00564705515952422,"z_pct_black_rac",-0.215811722052944,-0.0458339653510633,"ZM_interact_pct_same_tract",646
0.0834925171903335,0.0380079085216969,2.19671432703727,0.0371537381040233,"z_pct_lowincome_rac",0.00899701648780767,0.157988017892859,"ZM_interact_pct_same_tract",646
-0.413763149108003,0.0804517769570584,-5.14299577657373,2.30508162073978e-05,"z_log_worker_density_rac",-0.571448631943837,-0.256077666272168,"ZM_interact_pct_same_tract",646
0.445853191158286,0.138588736374749,3.21709543517796,0.00345315240437864,"z_income_percapita_k",0.174219267863779,0.717487114452793,"ZM_interact_pct_same_tract",646
-0.129980530924738,0.0991338580321058,-1.31116183214257,0.201265462080272,"z_income_percapita_k_sq",-0.324282892667665,0.0643218308181896,"ZM_interact_pct_same_tract",646
-0.0084885177727031,0.0359968119264756,-0.23581304338954,0.815425423404641,"z_d_whiteblack_rac_half:z_pct_res_low",-0.0790422691485954,0.0620652336031891,"ZM_interact_pct_same_tract",646
-0.000419287413141904,0.0105287452032903,-0.039823113300422,0.968538371356697,"z_pct_res_low",-0.0210556280115909,0.0202170531853071,"ZM_zoning_jobs_housing_ratio",648
0.146955481837167,0.016814312760259,8.73990414788165,3.23804748109152e-09,"z_pct_job_zone",0.113999428827059,0.179911534847274,"ZM_zoning_jobs_housing_ratio",648
-0.0259456485508977,0.00811829830566419,-3.19594668414626,0.00363912035595343,"z_pct_black_rac",-0.0418575132299995,-0.0100337838717959,"ZM_zoning_jobs_housing_ratio",648
0.0230108665339073,0.0220184656132217,1.0450713023386,0.305609508256599,"z_pct_lowincome_rac",-0.0201453260680074,0.0661670591358219,"ZM_zoning_jobs_housing_ratio",648
-0.0421946642000819,0.0164400545388491,-2.56657689914426,0.0163782245836847,"z_log_worker_density_rac",-0.0744171710962261,-0.00997215730393763,"ZM_zoning_jobs_housing_ratio",648
-0.00963615380249993,0.0436707554936119,-0.220654616426535,0.827084941710031,"z_income_percapita_k",-0.0952308345699792,0.0759585269649794,"ZM_zoning_jobs_housing_ratio",648
0.0555224419617158,0.0492381308180577,1.12763098515822,0.269774851433789,"z_income_percapita_k_sq",-0.0409842944416774,0.152029178365109,"ZM_zoning_jobs_housing_ratio",648
0.0275384526512304,0.030266686536626,0.909860173095125,0.371254303191777,"z_d_whiteblack_rac_half",-0.0317842529605565,0.0868611582630173,"ZM_interact_jobs_housing_ratio",646
-0.108855044010724,0.0188164554324676,-5.78509828279856,4.29317511444238e-06,"z_pct_res_low",-0.145735296658361,-0.0719747913630877,"ZM_interact_jobs_housing_ratio",646
-0.0155486520947296,0.00731707253294854,-2.12498263816773,0.0432547318931215,"z_pct_black_rac",-0.0298901142593088,-0.0012071899301505,"ZM_interact_jobs_housing_ratio",646
0.0137559922912986,0.0206263603224034,0.666913215724129,0.510703293503566,"z_pct_lowincome_rac",-0.0266716739406121,0.0541836585232093,"ZM_interact_jobs_housing_ratio",646
-0.0423789882148197,0.026834427909637,-1.57927675438164,0.126363112177221,"z_log_worker_density_rac",-0.0949744669177081,0.0102164904880688,"ZM_interact_jobs_housing_ratio",646
-0.0336104171689052,0.0418221239145751,-0.803651608836438,0.428884871776097,"z_income_percapita_k",-0.115581780041472,0.0483609457036621,"ZM_interact_jobs_housing_ratio",646
0.0812577862353162,0.0498950809263004,1.62857309231227,0.115462013029714,"z_income_percapita_k_sq",-0.0165365723802326,0.179052144850865,"ZM_interact_jobs_housing_ratio",646
-0.0370389640053923,0.025731457160177,-1.43944292679683,0.16195708221406,"z_d_whiteblack_rac_half:z_pct_res_low",-0.0874726200393393,0.0133946920285546,"ZM_interact_jobs_housing_ratio",646
